Дата,Область,Місто,long,lat,Значення 1,Значення 2,Значення 3,Значення 4,Значення 5,Значення 6,Значення 7,Значення 8,Значення 9,Значення 10
31.03.2024,Одеська,Одеса,"30,7306393","46,4702111",1,0,0,1,0,0,0,1,0,0
31.03.2024,Одеська,Одеса,"30,7306393","46,4702111",1,0,0,1,0,0,0,0,0,0
01.04.2024,Харківська,Люботин,"35,9407539","49,9511113",1,0,1,0,0,0,0,0,1,1
01.04.2024,Харківська,Люботин,"35,9407539","49,9511113",0,0,0,0,0,0,0,0,1,0
01.04.2024,Харківська,Чугуїв,"36,6813122","49,8363158",1,0,0,1,0,0,0,0,1,0
01.04.2024,Дніпропетровська,Кривий Ріг,"33,391783","47,910483",1,1,0,0,0,0,1,1,1,0
02.04.2024,Дніпропетровська,Дніпро,"35,046183","48,464717",1,1,0,0,0,0,1,0,1,0
02.04.2024,Дніпропетровська,Дніпро,"35,046183","48,464717",0,0,0,0,0,0,1,0,1,0
02.04.2024,Дніпропетровська,Дніпро,"35,046183","48,464717",0,0,0,0,0,0,1,0,1,0
02.04.2024,Дніпропетровська,Дніпро,"35,046183","48,464717",0,0,0,0,0,0,1,0,0,0
02.04.2024,Дніпропетровська,Дніпро,"35,046183","48,464717",0,0,0,0,0,0,1,0,0,0
02.04.2024,Дніпропетровська,Дніпро,"35,046183","48,464717",0,0,0,0,0,0,1,0,0,0
02.04.2024,Дніпропетровська,Дніпро,"35,046183","48,464717",0,0,0,0,0,0,1,0,0,0
02.04.2024,Дніпропетровська,Дніпро,"35,046183","48,464717",0,0,0,0,0,0,1,0,0,0
02.04.2024,Дніпропетровська,Дніпро,"35,046183","48,464717",0,0,0,0,0,0,1,0,0,0
02.04.2024,Дніпропетровська,Дніпро,"35,046183","48,464717",0,0,0,0,0,0,1,0,0,0
02.04.2024,Дніпропетровська,Дніпро,"35,046183","48,464717",0,0,0,0,0,0,1,0,0,0
02.04.2024,Дніпропетровська,Дніпро,"35,046183","48,464717",0,0,0,0,0,0,1,0,0,0
02.04.2024,Дніпропетровська,Дніпро,"35,046183","48,464717",0,0,0,0,0,0,1,0,0,0
02.04.2024,Дніпропетровська,Дніпро,"35,046183","48,464717",0,0,0,0,0,0,1,0,0,0
02.04.2024,Дніпропетровська,Дніпро,"35,046183","48,464717",0,0,0,0,0,0,1,0,0,0
02.04.2024,Дніпропетровська,Дніпро,"35,046183","48,464717",0,0,0,0,0,0,1,0,0,0
02.04.2024,Дніпропетровська,Дніпро,"35,046183","48,464717",0,0,0,0,0,0,1,0,0,0
02.04.2024,Дніпропетровська,Дніпро,"35,046183","48,464717",0,0,0,0,0,0,1,0,0,0
02.04.2024,Кіровоградська,Кропивницький,"32,2641984","48,5070977",1,0,0,1,0,0,0,1,0,0
03.04.2024,Сумська,Краснопілля,"35,267666","50,7671084",1,0,1,0,0,0,0,0,1,0
04.04.2024,Харківська,Харків,"36,3073994","50,0020127",1,0,0,1,0,1,1,0,1,0
04.04.2024,Харківська,Харків,"36,3073994","50,0020127",1,0,0,1,0,1,1,0,0,0
04.04.2024,Харківська,Харків,"36,3073994","50,0020127",1,0,0,1,0,1,1,0,0,0
04.04.2024,Харківська,Харків,"36,3073994","50,0020127",1,0,0,1,0,1,1,0,0,0
04.04.2024,Харківська,Харків,"36,3073994","50,0020127",1,0,0,1,0,0,1,0,0,0
04.04.2024,Харківська,Харків,"36,3073994","50,0020127",1,0,0,1,0,0,1,0,0,0
04.04.2024,Харківська,Харків,"36,3073994","50,0020127",1,0,0,1,0,0,1,0,0,0
04.04.2024,Харківська,Харків,"36,3073994","50,0020127",1,0,0,1,0,0,1,0,0,0
04.04.2024,Харківська,Харків,"36,3073994","50,0020127",1,0,0,1,0,0,1,0,0,0
04.04.2024,Харківська,Харків,"36,3073994","50,0020127",0,0,0,0,0,0,1,0,0,0
04.04.2024,Харківська,Харків,"36,3073994","50,0020127",0,0,0,0,0,0,1,0,0,0
04.04.2024,Харківська,Харків,"36,3073994","50,0020127",0,0,0,0,0,0,1,0,0,0
05.04.2024,Харківська,Харків,"36,3073994","50,0020127",1,0,1,0,0,0,0,0,1,1
05.04.2024,Харківська,Харків,"36,3073994","50,0020127",1,0,1,0,0,0,0,0,0,0
05.04.2024,Запорізька,Запоріжжя,"35,1387097","47,8392842",1,0,1,0,0,1,1,0,1,0
05.04.2024,Запорізька,Запоріжжя,"35,1387097","47,8392842",1,0,1,0,0,1,1,0,1,0
05.04.2024,Запорізька,Запоріжжя,"35,1387097","47,8392842",1,0,1,0,0,1,1,0,1,0
05.04.2024,Запорізька,Запоріжжя,"35,1387097","47,8392842",1,0,1,0,0,1,1,0,1,0
05.04.2024,Запорізька,Запоріжжя,"35,1387097","47,8392842",1,0,1,0,0,0,1,0,1,0
05.04.2024,Запорізька,Запоріжжя,"35,1387097","47,8392842",0,0,0,0,0,0,1,0,0,0
05.04.2024,Запорізька,Запоріжжя,"35,1387097","47,8392842",0,0,0,0,0,0,1,0,0,0
05.04.2024,Запорізька,Запоріжжя,"35,1387097","47,8392842",0,0,0,0,0,0,1,0,0,0
05.04.2024,Запорізька,Запоріжжя,"35,1387097","47,8392842",0,0,0,0,0,0,1,0,0,0
05.04.2024,Запорізька,Запоріжжя,"35,1387097","47,8392842",0,0,0,0,0,0,1,0,0,0
05.04.2024,Запорізька,Запоріжжя,"35,1387097","47,8392842",0,0,0,0,0,0,1,0,0,0
05.04.2024,Запорізька,Запоріжжя,"35,1387097","47,8392842",0,0,0,0,0,0,1,0,0,0
05.04.2024,Запорізька,Запоріжжя,"35,1387097","47,8392842",0,0,0,0,0,0,1,0,0,0
05.04.2024,Запорізька,Запоріжжя,"35,1387097","47,8392842",0,0,0,0,0,0,1,0,0,0
05.04.2024,Запорізька,Запоріжжя,"35,1387097","47,8392842",0,0,0,0,0,0,1,0,0,0
05.04.2024,Запорізька,Запоріжжя,"35,1387097","47,8392842",0,0,0,0,0,0,1,0,0,0
05.04.2024,Запорізька,Запоріжжя,"35,1387097","47,8392842",0,0,0,0,0,0,1,0,0,0
05.04.2024,Запорізька,Запоріжжя,"35,1387097","47,8392842",0,0,0,0,0,0,1,0,0,0
05.04.2024,Запорізька,Запоріжжя,"35,1387097","47,8392842",0,0,0,0,0,0,1,0,0,0
05.04.2024,Запорізька,Запоріжжя,"35,1387097","47,8392842",0,0,0,0,0,0,1,0,0,0
05.04.2024,Запорізька,Запоріжжя,"35,1387097","47,8392842",0,0,0,0,0,0,1,0,0,0
05.04.2024,Запорізька,Запоріжжя,"35,1387097","47,8392842",0,0,0,0,0,0,1,0,0,0
05.04.2024,Запорізька,Запоріжжя,"35,1387097","47,8392842",0,0,0,0,0,0,1,0,0,0
06.04.2024,Харківська,Харків,"36,3073994","50,0020127",1,0,0,1,0,1,1,0,1,0
06.04.2024,Харківська,Харків,"36,3073994","50,0020127",1,0,0,1,0,1,1,0,0,0
06.04.2024,Харківська,Харків,"36,3073994","50,0020127",1,0,0,1,0,1,1,0,0,0
06.04.2024,Харківська,Харків,"36,3073994","50,0020127",1,0,0,1,0,1,1,0,0,0
06.04.2024,Харківська,Харків,"36,3073994","50,0020127",0,0,0,0,0,1,1,0,0,0
06.04.2024,Харківська,Харків,"36,3073994","50,0020127",0,0,0,0,0,1,1,0,0,0
06.04.2024,Харківська,Харків,"36,3073994","50,0020127",0,0,0,0,0,1,1,0,0,0
06.04.2024,Харківська,Харків,"36,3073994","50,0020127",0,0,0,0,0,0,1,0,0,0
06.04.2024,Харківська,Харків,"36,3073994","50,0020127",0,0,0,0,0,0,1,0,0,0
06.04.2024,Харківська,Харків,"36,3073994","50,0020127",0,0,0,0,0,0,1,0,0,0
06.04.2024,Харківська,Харків,"36,3073994","50,0020127",0,0,0,0,0,0,1,0,0,0
06.04.2024,Донецька,Слов'янськ,"37,6053","48,8532",1,1,0,0,0,0,0,0,1,0
06.04.2024,Донецька,Слов'янськ,"37,6053","48,8532",1,1,0,0,0,0,0,0,1,0
07.04.2024,Харківська,Харків,"36,3073994","50,0020127",1,0,1,1,0,0,1,0,1,0
07.04.2024,Харківська,Харків,"36,3073994","50,0020127",1,0,0,0,0,0,1,0,0,0
07.04.2024,Харківська,Харків,"36,3073994","50,0020127",0,0,0,0,0,0,1,0,0,0
07.04.2024,Одеська,Одеса,"30,7306393","46,4702111",1,1,1,0,0,0,1,0,1,0
07.04.2024,Одеська,Одеса,"30,7306393","46,4702111",1,0,0,0,0,0,0,0,0,0
08.04.2024,Одеська,Одеса,"30,7306393","46,4702111",1,0,0,1,0,0,0,0,1,0
08.04.2024,Одеська,Одеса,"30,7306393","46,4702111",1,0,0,1,0,0,0,0,0,0
09.04.2024,Львівська,Стрий,"23,8431343","49,2656076",1,1,0,1,0,0,0,0,1,0
09.04.2024,Львівська,Стрий,"23,8431343","49,2656076",1,1,0,1,0,0,0,0,0,0
09.04.2024,Львівська,Стрий,"23,8431343","49,2656076",1,0,0,1,0,0,0,0,0,0
09.04.2024,Львівська,Стрий,"23,8431343","49,2656076",1,0,0,1,0,0,0,0,0,0
09.04.2024,Львівська,Стрий,"23,8431343","49,2656076",1,0,0,0,0,0,0,0,0,0
09.04.2024,Львівська,Стрий,"23,8431343","49,2656076",1,0,0,0,0,0,0,0,0,0
09.04.2024,Сумська,Охтирка,"34,9005644","50,3150962",1,0,1,0,0,0,0,0,1,0
09.04.2024,Сумська,Охтирка,"34,9005644","50,3150962",1,0,1,0,0,0,0,0,0,0
10.04.2024,Одеська,Чорноморськ,"30,6480855","46,2952236",1,1,0,0,0,0,1,0,1,0
10.04.2024,Одеська,Чорноморськ,"30,6480855","46,2952236",0,0,0,0,0,0,1,0,0,0
10.04.2024,Миколаївська,Миколаїв,"32,003246","46,9660801",1,0,0,1,0,0,0,0,1,0
10.04.2024,Одеська,Одеса,"30,7306393","46,4702111",1,0,1,1,0,1,1,0,1,0
10.04.2024,Одеська,Одеса,"30,7306393","46,4702111",1,0,1,1,0,1,1,0,0,0
10.04.2024,Одеська,Одеса,"30,7306393","46,4702111",1,0,1,0,0,1,1,0,0,0
10.04.2024,Одеська,Одеса,"30,7306393","46,4702111",1,0,1,0,0,1,1,0,0,0
10.04.2024,Одеська,Одеса,"30,7306393","46,4702111",1,0,0,0,0,0,0,0,0,0
10.04.2024,Одеська,Одеса,"30,7306393","46,4702111",1,0,0,0,0,0,0,0,0,0
11.04.2024,Миколаївська,Миколаїв,"32,003246","46,9660801",1,1,0,0,0,1,1,0,1,0
11.04.2024,Миколаївська,Миколаїв,"32,003246","46,9660801",0,0,0,0,0,1,1,0,1,0
11.04.2024,Миколаївська,Миколаїв,"32,003246","46,9660801",0,0,0,0,0,1,1,0,1,0
11.04.2024,Миколаївська,Миколаїв,"32,003246","46,9660801",0,0,0,0,0,1,1,0,1,0
11.04.2024,Миколаївська,Миколаїв,"32,003246","46,9660801",0,0,0,0,0,1,1,0,1,0
11.04.2024,Миколаївська,Миколаїв,"32,003246","46,9660801",0,0,0,0,0,0,0,0,1,0
11.04.2024,Миколаївська,Миколаїв,"32,003246","46,9660801",0,0,0,0,0,0,0,0,1,0
11.04.2024,Миколаївська,Миколаїв,"32,003246","46,9660801",0,0,0,0,0,0,0,0,1,0
11.04.2024,Львівська,Шептицький,"24,2199454","50,3871767",1,1,0,1,0,0,0,1,0,0
11.04.2024,Львівська,Шептицький,"24,2199454","50,3871767",1,1,0,1,0,0,0,0,0,0
11.04.2024,Львівська,Шептицький,"24,2199454","50,3871767",1,0,0,0,0,0,0,0,0,0
11.04.2024,Львівська,Шептицький,"24,2199454","50,3871767",1,0,0,0,0,0,0,0,0,0
11.04.2024,Львівська,Стрий,"23,8431343","49,2656076",1,1,0,1,0,0,0,0,1,0
11.04.2024,Львівська,Стрий,"23,8431343","49,2656076",1,1,0,1,0,0,0,0,0,0
11.04.2024,Львівська,Стрий,"23,8431343","49,2656076",1,0,0,1,0,0,0,0,0,0
11.04.2024,Львівська,Стрий,"23,8431343","49,2656076",1,0,0,1,0,0,0,0,0,0
11.04.2024,Львівська,Стрий,"23,8431343","49,2656076",1,0,0,0,0,0,0,0,0,0
11.04.2024,Львівська,Стрий,"23,8431343","49,2656076",1,0,0,0,0,0,0,0,0,0
11.04.2024,Київська,Обухів,"30,6298846","50,109938",1,1,0,0,0,0,0,1,0,0
11.04.2024,Харківська,Харків,"36,3073994","50,0020127",1,0,1,0,0,0,0,1,0,0
11.04.2024,Харківська,Харків,"36,3073994","50,0020127",1,0,1,0,0,0,0,0,0,0
11.04.2024,Харківська,Харків,"36,3073994","50,0020127",1,0,1,0,0,0,0,0,0,0
11.04.2024,Харківська,Харків,"36,3073994","50,0020127",1,0,1,0,0,0,0,0,0,0
11.04.2024,Харківська,Харків,"36,3073994","50,0020127",1,0,1,0,0,0,0,0,0,0
11.04.2024,Харківська,Харків,"36,3073994","50,0020127",1,0,1,0,0,0,0,0,0,0
11.04.2024,Харківська,Харків,"36,3073994","50,0020127",1,0,1,0,0,0,0,0,0,0
11.04.2024,Харківська,Харків,"36,3073994","50,0020127",1,0,1,0,0,0,0,0,0,0
11.04.2024,Харківська,Харків,"36,3073994","50,0020127",1,0,1,0,0,0,0,0,0,0
11.04.2024,Харківська,Харків,"36,3073994","50,0020127",1,0,1,0,0,0,0,0,0,0
11.04.2024,Харківська,Харків,"36,3073994","50,0020127",1,0,1,0,0,0,0,0,0,0
11.04.2024,Харківська,Харків,"36,3073994","50,0020127",1,0,1,0,0,0,0,0,0,0
11.04.2024,Запорізька,Запоріжжя,"35,1387097","47,8392842",1,1,0,0,0,0,0,1,0,0
12.04.2024,Дніпропетровська,Кривий Ріг,"33,391783","47,910483",1,0,0,1,0,0,0,1,0,0
13.04.2024,Донецька,Велика Новосілка,"36,8448462","47,8359616",1,0,1,0,0,0,0,0,1,0
15.04.2024,Харківська,Чугуїв,"36,6813122","49,8363158",1,0,1,0,0,0,0,0,1,1
15.04.2024,Харківська,Чугуїв,"36,6813122","49,8363158",1,0,1,0,0,0,0,0,0,0
15.04.2024,Харківська,Чугуїв,"36,6813122","49,8363158",1,0,1,0,0,0,0,0,0,0
15.04.2024,Харківська,Чугуїв,"36,6813122","49,8363158",1,0,1,0,0,0,0,0,0,0
15.04.2024,Донецька,Слов'янськ,"37,6053","48,8532",1,1,0,0,0,0,0,0,1,0
15.04.2024,Донецька,Слов'янськ,"37,6053","48,8532",0,0,0,0,0,0,0,0,1,0
16.04.2024,Харківська,Богодухів,"35,5402444","50,1636245",1,0,0,0,1,0,0,0,1,0
16.04.2024,Харківська,Богодухів,"35,5402444","50,1636245",1,0,0,0,1,0,0,0,0,0
16.04.2024,Харківська,Куп'янськ,"37,6027997","49,7055574",1,0,0,0,1,0,0,0,1,0
16.04.2024,Харківська,Куп'янськ,"37,6027997","49,7055574",1,0,0,0,1,0,0,0,1,0
16.04.2024,Харківська,Ізюм,"37,2665006","49,2121445",1,0,0,0,1,0,0,0,1,0
16.04.2024,Харківська,Ізюм,"37,2665006","49,2121445",1,0,0,0,1,0,0,0,0,0
17.04.2024,Одеська,Білгород-Дністровський,"30,3414908","46,1854516",1,1,0,0,0,0,0,0,1,0
17.04.2024,Харківська,Куп'янськ,"37,6027997","49,7055574",1,0,0,0,1,0,0,0,1,0
17.04.2024,Чернігівська,Чернігів,"31,28935","51,4982",1,0,1,0,0,1,1,0,1,0
17.04.2024,Чернігівська,Чернігів,"31,28935","51,4982",1,0,1,0,0,1,1,0,1,0
17.04.2024,Чернігівська,Чернігів,"31,28935","51,4982",1,0,1,0,0,1,1,0,1,0
17.04.2024,Чернігівська,Чернігів,"31,28935","51,4982",0,0,0,0,0,1,1,0,0,0
17.04.2024,Чернігівська,Чернігів,"31,28935","51,4982",0,0,0,0,0,1,1,0,0,0
17.04.2024,Чернігівська,Чернігів,"31,28935","51,4982",0,0,0,0,0,1,1,0,0,0
17.04.2024,Чернігівська,Чернігів,"31,28935","51,4982",0,0,0,0,0,1,1,0,0,0
17.04.2024,Чернігівська,Чернігів,"31,28935","51,4982",0,0,0,0,0,1,1,0,0,0
17.04.2024,Чернігівська,Чернігів,"31,28935","51,4982",0,0,0,0,0,1,1,0,0,0
17.04.2024,Чернігівська,Чернігів,"31,28935","51,4982",0,0,0,0,0,1,1,0,0,0
17.04.2024,Чернігівська,Чернігів,"31,28935","51,4982",0,0,0,0,0,1,1,0,0,0
17.04.2024,Чернігівська,Чернігів,"31,28935","51,4982",0,0,0,0,0,1,1,0,0,0
17.04.2024,Чернігівська,Чернігів,"31,28935","51,4982",0,0,0,0,0,1,1,0,0,0
17.04.2024,Чернігівська,Чернігів,"31,28935","51,4982",0,0,0,0,0,1,1,0,0,0
17.04.2024,Чернігівська,Чернігів,"31,28935","51,4982",0,0,0,0,0,1,1,0,0,0
17.04.2024,Чернігівська,Чернігів,"31,28935","51,4982",0,0,0,0,0,1,1,0,0,0
17.04.2024,Чернігівська,Чернігів,"31,28935","51,4982",0,0,0,0,0,1,1,0,0,0
17.04.2024,Чернігівська,Чернігів,"31,28935","51,4982",0,0,0,0,0,1,1,0,0,0
17.04.2024,Чернігівська,Чернігів,"31,28935","51,4982",0,0,0,0,0,0,1,0,0,0
17.04.2024,Чернігівська,Чернігів,"31,28935","51,4982",0,0,0,0,0,0,1,0,0,0
17.04.2024,Чернігівська,Чернігів,"31,28935","51,4982",0,0,0,0,0,0,1,0,0,0
17.04.2024,Чернігівська,Чернігів,"31,28935","51,4982",0,0,0,0,0,0,1,0,0,0
17.04.2024,Чернігівська,Чернігів,"31,28935","51,4982",0,0,0,0,0,0,1,0,0,0
17.04.2024,Чернігівська,Чернігів,"31,28935","51,4982",0,0,0,0,0,0,1,0,0,0
17.04.2024,Чернігівська,Чернігів,"31,28935","51,4982",0,0,0,0,0,0,1,0,0,0
17.04.2024,Чернігівська,Чернігів,"31,28935","51,4982",0,0,0,0,0,0,1,0,0,0
17.04.2024,Чернігівська,Чернігів,"31,28935","51,4982",0,0,0,0,0,0,1,0,0,0
17.04.2024,Чернігівська,Чернігів,"31,28935","51,4982",0,0,0,0,0,0,1,0,0,0
17.04.2024,Чернігівська,Чернігів,"31,28935","51,4982",0,0,0,0,0,0,1,0,0,0
17.04.2024,Чернігівська,Чернігів,"31,28935","51,4982",0,0,0,0,0,0,1,0,0,0
17.04.2024,Чернігівська,Чернігів,"31,28935","51,4982",0,0,0,0,0,0,1,0,0,0
17.04.2024,Чернігівська,Чернігів,"31,28935","51,4982",0,0,0,0,0,0,1,0,0,0
17.04.2024,Чернігівська,Чернігів,"31,28935","51,4982",0,0,0,0,0,0,1,0,0,0
17.04.2024,Чернігівська,Чернігів,"31,28935","51,4982",0,0,0,0,0,0,1,0,0,0
17.04.2024,Чернігівська,Чернігів,"31,28935","51,4982",0,0,0,0,0,0,1,0,0,0
17.04.2024,Чернігівська,Чернігів,"31,28935","51,4982",0,0,0,0,0,0,1,0,0,0
17.04.2024,Чернігівська,Чернігів,"31,28935","51,4982",0,0,0,0,0,0,1,0,0,0
17.04.2024,Чернігівська,Чернігів,"31,28935","51,4982",0,0,0,0,0,0,1,0,0,0
17.04.2024,Чернігівська,Чернігів,"31,28935","51,4982",0,0,0,0,0,0,1,0,0,0
17.04.2024,Чернігівська,Чернігів,"31,28935","51,4982",0,0,0,0,0,0,1,0,0,0
17.04.2024,Чернігівська,Чернігів,"31,28935","51,4982",0,0,0,0,0,0,1,0,0,0
17.04.2024,Чернігівська,Чернігів,"31,28935","51,4982",0,0,0,0,0,0,1,0,0,0
17.04.2024,Чернігівська,Чернігів,"31,28935","51,4982",0,0,0,0,0,0,1,0,0,0
17.04.2024,Чернігівська,Чернігів,"31,28935","51,4982",0,0,0,0,0,0,1,0,0,0
17.04.2024,Чернігівська,Чернігів,"31,28935","51,4982",0,0,0,0,0,0,1,0,0,0
17.04.2024,Чернігівська,Чернігів,"31,28935","51,4982",0,0,0,0,0,0,1,0,0,0
17.04.2024,Чернігівська,Чернігів,"31,28935","51,4982",0,0,0,0,0,0,1,0,0,0
17.04.2024,Чернігівська,Чернігів,"31,28935","51,4982",0,0,0,0,0,0,1,0,0,0
17.04.2024,Чернігівська,Чернігів,"31,28935","51,4982",0,0,0,0,0,0,1,0,0,0
17.04.2024,Чернігівська,Чернігів,"31,28935","51,4982",0,0,0,0,0,0,1,0,0,0
17.04.2024,Чернігівська,Чернігів,"31,28935","51,4982",0,0,0,0,0,0,1,0,0,0
17.04.2024,Чернігівська,Чернігів,"31,28935","51,4982",0,0,0,0,0,0,1,0,0,0
17.04.2024,Чернігівська,Чернігів,"31,28935","51,4982",0,0,0,0,0,0,1,0,0,0
17.04.2024,Чернігівська,Чернігів,"31,28935","51,4982",0,0,0,0,0,0,1,0,0,0
17.04.2024,Чернігівська,Чернігів,"31,28935","51,4982",0,0,0,0,0,0,1,0,0,0
17.04.2024,Чернігівська,Чернігів,"31,28935","51,4982",0,0,0,0,0,0,1,0,0,0
17.04.2024,Чернігівська,Чернігів,"31,28935","51,4982",0,0,0,0,0,0,1,0,0,0
17.04.2024,Чернігівська,Чернігів,"31,28935","51,4982",0,0,0,0,0,0,1,0,0,0
17.04.2024,Чернігівська,Чернігів,"31,28935","51,4982",0,0,0,0,0,0,1,0,0,0
17.04.2024,Чернігівська,Чернігів,"31,28935","51,4982",0,0,0,0,0,0,1,0,0,0
17.04.2024,Чернігівська,Чернігів,"31,28935","51,4982",0,0,0,0,0,0,1,0,0,0
17.04.2024,Чернігівська,Чернігів,"31,28935","51,4982",0,0,0,0,0,0,1,0,0,0
17.04.2024,Чернігівська,Чернігів,"31,28935","51,4982",0,0,0,0,0,0,1,0,0,0
17.04.2024,Чернігівська,Чернігів,"31,28935","51,4982",0,0,0,0,0,0,1,0,0,0
17.04.2024,Чернігівська,Чернігів,"31,28935","51,4982",0,0,0,0,0,0,1,0,0,0
17.04.2024,Чернігівська,Чернігів,"31,28935","51,4982",0,0,0,0,0,0,1,0,0,0
17.04.2024,Чернігівська,Чернігів,"31,28935","51,4982",0,0,0,0,0,0,1,0,0,0
17.04.2024,Чернігівська,Чернігів,"31,28935","51,4982",0,0,0,0,0,0,1,0,0,0
17.04.2024,Чернігівська,Чернігів,"31,28935","51,4982",0,0,0,0,0,0,1,0,0,0
17.04.2024,Чернігівська,Чернігів,"31,28935","51,4982",0,0,0,0,0,0,1,0,0,0
17.04.2024,Чернігівська,Чернігів,"31,28935","51,4982",0,0,0,0,0,0,1,0,0,0
17.04.2024,Чернігівська,Чернігів,"31,28935","51,4982",0,0,0,0,0,0,1,0,0,0
17.04.2024,Чернігівська,Чернігів,"31,28935","51,4982",0,0,0,0,0,0,1,0,0,0
17.04.2024,Чернігівська,Чернігів,"31,28935","51,4982",0,0,0,0,0,0,1,0,0,0
17.04.2024,Чернігівська,Чернігів,"31,28935","51,4982",0,0,0,0,0,0,1,0,0,0
17.04.2024,Чернігівська,Чернігів,"31,28935","51,4982",0,0,0,0,0,0,1,0,0,0
17.04.2024,Чернігівська,Чернігів,"31,28935","51,4982",0,0,0,0,0,0,1,0,0,0
17.04.2024,Дніпропетровська,Дніпро,"35,046183","48,464717",1,0,1,0,0,0,0,0,1,0
18.04.2024,Харківська,Вовчанськ,"36,9329429","50,284234",1,0,0,0,1,0,0,0,1,0
18.04.2024,Харківська,Вовчанськ,"36,9329429","50,284234",1,0,0,0,1,0,0,0,0,0
18.04.2024,Дніпропетровська,Дніпро,"35,046183","48,464717",1,1,0,0,0,0,1,1,1,0
18.04.2024,Дніпропетровська,Дніпро,"35,046183","48,464717",1,1,0,0,0,0,1,0,0,0
18.04.2024,Дніпропетровська,Дніпро,"35,046183","48,464717",1,1,0,0,0,0,0,0,0,0
18.04.2024,Дніпропетровська,Дніпро,"35,046183","48,464717",1,1,0,0,0,0,0,0,0,0
18.04.2024,Дніпропетровська,Дніпро,"35,046183","48,464717",1,1,0,0,0,0,0,0,0,0
18.04.2024,Дніпропетровська,Дніпро,"35,046183","48,464717",1,1,0,0,0,0,0,0,0,0
19.04.2024,Одеська,Одеса,"30,7306393","46,4702111",1,1,0,0,0,0,1,0,1,0
19.04.2024,Одеська,Одеса,"30,7306393","46,4702111",1,1,0,0,0,0,0,0,0,0
19.04.2024,Одеська,Одеса,"30,7306393","46,4702111",1,1,0,0,0,0,0,0,0,0
19.04.2024,Дніпропетровська,Дніпро,"35,046183","48,464717",1,1,0,0,0,1,1,0,1,0
19.04.2024,Дніпропетровська,Дніпро,"35,046183","48,464717",1,1,0,0,0,1,1,0,1,0
19.04.2024,Дніпропетровська,Дніпро,"35,046183","48,464717",0,0,0,0,0,0,1,0,1,0
19.04.2024,Дніпропетровська,Дніпро,"35,046183","48,464717",0,0,0,0,0,0,1,0,1,0
19.04.2024,Дніпропетровська,Дніпро,"35,046183","48,464717",0,0,0,0,0,0,1,0,1,0
19.04.2024,Дніпропетровська,Дніпро,"35,046183","48,464717",0,0,0,0,0,0,1,0,1,0
19.04.2024,Дніпропетровська,Дніпро,"35,046183","48,464717",0,0,0,0,0,0,1,0,1,0
19.04.2024,Дніпропетровська,Дніпро,"35,046183","48,464717",0,0,0,0,0,0,1,0,1,0
19.04.2024,Дніпропетровська,Дніпро,"35,046183","48,464717",0,0,0,0,0,0,1,0,0,0
19.04.2024,Дніпропетровська,Дніпро,"35,046183","48,464717",0,0,0,0,0,0,1,0,0,0
19.04.2024,Дніпропетровська,Дніпро,"35,046183","48,464717",0,0,0,0,0,0,1,0,0,0
19.04.2024,Дніпропетровська,Дніпро,"35,046183","48,464717",0,0,0,0,0,0,1,0,0,0
19.04.2024,Дніпропетровська,Дніпро,"35,046183","48,464717",0,0,0,0,0,0,1,0,0,0
19.04.2024,Дніпропетровська,Дніпро,"35,046183","48,464717",0,0,0,0,0,0,1,0,0,0
19.04.2024,Дніпропетровська,Дніпро,"35,046183","48,464717",0,0,0,0,0,0,1,0,0,0
19.04.2024,Дніпропетровська,Дніпро,"35,046183","48,464717",0,0,0,0,0,0,1,0,0,0
19.04.2024,Дніпропетровська,Кривий Ріг,"33,391783","47,910483",1,0,1,0,0,0,1,0,1,0
19.04.2024,Дніпропетровська,Кривий Ріг,"33,391783","47,910483",0,0,0,0,0,0,1,0,0,0
19.04.2024,Дніпропетровська,Кривий Ріг,"33,391783","47,910483",0,0,0,0,0,0,1,0,0,0
19.04.2024,Дніпропетровська,Синельникове,"35,521396","48,3229038",1,1,0,0,0,1,1,0,1,0
19.04.2024,Дніпропетровська,Синельникове,"35,521396","48,3229038",1,1,0,0,0,1,1,0,1,0
19.04.2024,Дніпропетровська,Синельникове,"35,521396","48,3229038",1,1,0,0,0,1,1,0,1,0
19.04.2024,Дніпропетровська,Синельникове,"35,521396","48,3229038",1,1,0,0,0,1,1,0,1,0
19.04.2024,Дніпропетровська,Синельникове,"35,521396","48,3229038",0,0,0,0,0,1,1,0,1,0
19.04.2024,Дніпропетровська,Синельникове,"35,521396","48,3229038",0,0,0,0,0,1,1,0,1,0
19.04.2024,Дніпропетровська,Синельникове,"35,521396","48,3229038",0,0,0,0,0,0,1,0,1,0
19.04.2024,Дніпропетровська,Синельникове,"35,521396","48,3229038",0,0,0,0,0,0,1,0,1,0
19.04.2024,Дніпропетровська,Синельникове,"35,521396","48,3229038",0,0,0,0,0,0,1,0,1,0
19.04.2024,Дніпропетровська,Синельникове,"35,521396","48,3229038",0,0,0,0,0,0,1,0,1,0
19.04.2024,Дніпропетровська,Синельникове,"35,521396","48,3229038",0,0,0,0,0,0,0,0,1,0
19.04.2024,Дніпропетровська,Синельникове,"35,521396","48,3229038",0,0,0,0,0,0,0,0,1,0
19.04.2024,Сумська,Суми,"34,7981","50,9077",1,0,1,0,0,0,0,0,1,0
19.04.2024,Дніпропетровська,Павлоград,"35,9032574","48,5294478",1,1,0,1,0,0,0,0,1,0
19.04.2024,Дніпропетровська,Павлоград,"35,9032574","48,5294478",1,1,0,1,0,0,0,0,0,0
19.04.2024,Дніпропетровська,Павлоград,"35,9032574","48,5294478",1,1,0,1,0,0,0,0,0,0
19.04.2024,Дніпропетровська,Павлоград,"35,9032574","48,5294478",1,1,0,1,0,0,0,0,0,0
19.04.2024,Дніпропетровська,Павлоград,"35,9032574","48,5294478",1,0,0,0,0,0,0,0,0,0
19.04.2024,Дніпропетровська,Павлоград,"35,9032574","48,5294478",1,0,0,0,0,0,0,0,0,0
19.04.2024,Дніпропетровська,Павлоград,"35,9032574","48,5294478",1,0,0,0,0,0,0,0,0,0
19.04.2024,Дніпропетровська,Павлоград,"35,9032574","48,5294478",1,0,0,0,0,0,0,0,0,0
20.04.2024,Одеська,Одеса,"30,7306393","46,4702111",1,1,0,0,0,0,1,0,1,0
20.04.2024,Одеська,Одеса,"30,7306393","46,4702111",1,1,0,0,0,0,1,0,1,0
20.04.2024,Одеська,Одеса,"30,7306393","46,4702111",1,1,0,0,0,0,1,0,1,0
20.04.2024,Одеська,Одеса,"30,7306393","46,4702111",0,0,0,0,0,0,1,0,1,0
20.04.2024,Одеська,Одеса,"30,7306393","46,4702111",0,0,0,0,0,0,1,0,1,0
20.04.2024,Одеська,Одеса,"30,7306393","46,4702111",0,0,0,0,0,0,1,0,1,0
20.04.2024,Одеська,Одеса,"30,7306393","46,4702111",0,0,0,0,0,0,1,0,1,0
20.04.2024,Одеська,Одеса,"30,7306393","46,4702111",0,0,0,0,0,0,1,0,1,0
20.04.2024,Одеська,Одеса,"30,7306393","46,4702111",0,0,0,0,0,0,0,0,1,0
20.04.2024,Харківська,Вовчанськ,"36,9329429","50,284234",1,0,0,0,1,1,1,0,1,0
20.04.2024,Сумська,Шостка,"33,4966152","51,8757044",1,0,1,0,0,0,0,0,1,0
20.04.2024,Харківська,Харків,"36,3073994","50,0020127",1,0,1,0,0,0,1,0,1,0
20.04.2024,Запорізька,Запоріжжя,"35,1387097","47,8392842",1,1,0,0,0,0,0,0,1,0
20.04.2024,Запорізька,Запоріжжя,"35,1387097","47,8392842",1,1,0,0,0,0,0,0,1,0
20.04.2024,Дніпропетровська,Дніпро,"35,046183","48,464717",1,0,1,0,0,0,0,0,1,1
20.04.2024,Дніпропетровська,Дніпро,"35,046183","48,464717",1,0,1,0,0,0,0,0,0,1
20.04.2024,Дніпропетровська,Дніпро,"35,046183","48,464717",0,0,0,0,0,0,0,0,0,1
21.04.2024,Одеська,Одеса,"30,7306393","46,4702111",1,1,0,0,0,0,1,0,1,0
21.04.2024,Одеська,Одеса,"30,7306393","46,4702111",0,0,0,0,0,0,1,0,0,0
21.04.2024,Одеська,Одеса,"30,7306393","46,4702111",0,0,0,0,0,0,1,0,0,0
21.04.2024,Одеська,Одеса,"30,7306393","46,4702111",0,0,0,0,0,0,1,0,0,0
22.04.2024,Харківська,Харків,"36,3073994","50,0020127",1,0,1,0,0,0,0,0,1,0
22.04.2024,Харківська,Харків,"36,3073994","50,0020127",1,0,1,0,0,0,0,0,1,0
22.04.2024,Харківська,Золочів,"35,9760431","50,2690697",1,0,1,0,0,0,0,0,1,0
22.04.2024,Харківська,Вовчанськ,"36,9329429","50,284234",1,0,0,0,1,0,0,0,1,0
22.04.2024,Харківська,Куп'янськ,"37,6027997","49,7055574",1,0,0,0,1,0,1,0,1,0
22.04.2024,Харківська,Куп'янськ,"37,6027997","49,7055574",1,0,0,0,1,0,0,0,0,0
22.04.2024,Харківська,Дергачі,"36,1155026","50,1097212",1,0,0,0,1,0,0,0,1,0
22.04.2024,Одеська,Одеса,"30,7306393","46,4702111",1,0,0,1,0,0,0,0,1,0
22.04.2024,Одеська,Одеса,"30,7306393","46,4702111",1,0,0,1,0,0,0,0,1,0
22.04.2024,Одеська,Одеса,"30,7306393","46,4702111",0,0,0,0,0,0,0,0,1,0
22.04.2024,Одеська,Одеса,"30,7306393","46,4702111",0,0,0,0,0,0,0,0,1,0
22.04.2024,Одеська,Одеса,"30,7306393","46,4702111",0,0,0,0,0,0,0,0,1,0
22.04.2024,Одеська,Одеса,"30,7306393","46,4702111",0,0,0,0,0,0,0,0,1,0
22.04.2024,Одеська,Одеса,"30,7306393","46,4702111",0,0,0,0,0,0,0,0,1,0
23.04.2024,Одеська,Одеса,"30,7306393","46,4702111",1,1,0,1,0,0,1,1,1,0
23.04.2024,Одеська,Одеса,"30,7306393","46,4702111",1,0,0,0,0,0,1,0,1,0
23.04.2024,Одеська,Одеса,"30,7306393","46,4702111",0,0,0,0,0,0,1,0,1,0
23.04.2024,Одеська,Одеса,"30,7306393","46,4702111",0,0,0,0,0,0,1,0,1,0
23.04.2024,Одеська,Одеса,"30,7306393","46,4702111",0,0,0,0,0,0,1,0,1,0
23.04.2024,Одеська,Одеса,"30,7306393","46,4702111",0,0,0,0,0,0,1,0,1,0
23.04.2024,Одеська,Одеса,"30,7306393","46,4702111",0,0,0,0,0,0,1,0,1,0
23.04.2024,Одеська,Одеса,"30,7306393","46,4702111",0,0,0,0,0,0,1,0,0,0
23.04.2024,Одеська,Одеса,"30,7306393","46,4702111",0,0,0,0,0,0,1,0,0,0
23.04.2024,Одеська,Одеса,"30,7306393","46,4702111",0,0,0,0,0,0,1,0,0,0
23.04.2024,Одеська,Одеса,"30,7306393","46,4702111",0,0,0,0,0,0,1,0,0,0
23.04.2024,Одеська,Одеса,"30,7306393","46,4702111",0,0,0,0,0,0,1,0,0,0
23.04.2024,Одеська,Одеса,"30,7306393","46,4702111",0,0,0,0,0,0,1,0,0,0
24.09.2024,Донецька,Костянтинівка,"37,7075811","48,5239429",1,0,0,0,1,1,1,0,1,0
24.09.2024,Донецька,Костянтинівка,"37,7075811","48,5239429",1,0,0,0,1,0,1,0,1,0
24.09.2024,Донецька,Костянтинівка,"37,7075811","48,5239429",0,0,0,0,0,0,0,0,1,0
23.04.2024,Харківська,Харків,"36,3073994","50,0020127",1,0,0,0,1,0,0,0,1,0
23.04.2024,Харківська,Харків,"36,3073994","50,0020127",1,0,0,0,1,0,0,0,0,0
23.04.2024,Харківська,Харків,"36,3073994","50,0020127",1,0,0,0,1,0,0,0,0,0
23.04.2024,Харківська,Харків,"36,3073994","50,0020127",1,0,0,0,1,0,0,0,0,0
23.04.2024,Харківська,Чугуїв,"36,6813122","49,8363158",1,0,1,0,0,0,0,1,1,0
23.04.2024,Харківська,Козача Лопань,"36,1851358","50,3364733",1,0,0,0,1,0,0,0,0,1
23.04.2024,Дніпропетровська,Дніпро,"35,046183","48,464717",1,1,0,0,0,0,1,0,1,0
23.04.2024,Дніпропетровська,Дніпро,"35,046183","48,464717",0,0,0,0,0,0,1,0,1,0
23.04.2024,Дніпропетровська,Дніпро,"35,046183","48,464717",0,0,0,0,0,0,1,0,0,0
23.04.2024,Дніпропетровська,Дніпро,"35,046183","48,464717",0,0,0,0,0,0,1,0,0,0
23.04.2024,Дніпропетровська,Дніпро,"35,046183","48,464717",0,0,0,0,0,0,1,0,0,0
23.04.2024,Дніпропетровська,Дніпро,"35,046183","48,464717",0,0,0,0,0,0,1,0,0,0
23.04.2024,Дніпропетровська,Дніпро,"35,046183","48,464717",0,0,0,0,0,0,1,0,0,0
23.04.2024,Дніпропетровська,Дніпро,"35,046183","48,464717",0,0,0,0,0,0,1,0,0,0
24.04.2024,Харківська,Золочів,"35,9760431","50,2690697",1,0,1,0,0,0,0,0,0,1
24.04.2024,Харківська,Золочів,"35,9760431","50,2690697",1,0,1,0,0,0,0,0,0,0
24.04.2024,Харківська,Харків,"36,3073994","50,0020127",1,0,1,0,0,0,1,0,1,0
24.04.2024,Харківська,Харків,"36,3073994","50,0020127",1,0,1,0,0,0,1,0,0,0
24.04.2024,Харківська,Харків,"36,3073994","50,0020127",0,0,0,0,0,0,1,0,0,0
24.04.2024,Харківська,Харків,"36,3073994","50,0020127",0,0,0,0,0,0,1,0,0,0
24.04.2024,Харківська,Харків,"36,3073994","50,0020127",0,0,0,0,0,0,1,0,0,0
24.04.2024,Харківська,Харків,"36,3073994","50,0020127",0,0,0,0,0,0,1,0,0,0
24.04.2024,Харківська,Чугуїв,"36,6813122","49,8363158",1,0,0,0,1,0,0,0,1,1
24.04.2024,Харківська,Чугуїв,"36,6813122","49,8363158",1,0,0,0,1,0,0,0,0,0
24.04.2024,Харківська,Куп'янськ,"37,6027997","49,7055574",1,0,0,0,1,0,0,0,1,0
24.04.2024,Харківська,Куп'янськ,"37,6027997","49,7055574",1,0,0,0,1,0,0,0,0,0
24.04.2024,Одеська,Одеса,"30,7306393","46,4702111",1,0,0,1,0,0,1,0,1,0
24.04.2024,Одеська,Одеса,"30,7306393","46,4702111",1,0,0,1,0,0,0,0,0,0
25.04.2024,Харківська,Харків,"36,3073994","50,0020127",1,0,0,0,1,0,0,0,1,0
25.04.2024,Харківська,Харків,"36,3073994","50,0020127",1,0,0,0,1,0,0,0,0,0
25.04.2024,Харківська,Харків,"36,3073994","50,0020127",1,0,0,0,1,0,0,0,0,0
25.04.2024,Черкаська,Сміла,"31,852233","49,227717",1,1,0,0,0,0,1,1,0,0
25.04.2024,Черкаська,Сміла,"31,852233","49,227717",0,0,0,0,0,0,1,0,0,0
25.04.2024,Черкаська,Сміла,"31,852233","49,227717",0,0,0,0,0,0,1,0,0,0
25.04.2024,Черкаська,Сміла,"31,852233","49,227717",0,0,0,0,0,0,1,0,0,0
25.04.2024,Черкаська,Сміла,"31,852233","49,227717",0,0,0,0,0,0,1,0,0,0
25.04.2024,Черкаська,Сміла,"31,852233","49,227717",0,0,0,0,0,0,1,0,0,0
25.04.2024,Харківська,Балаклія,"36,8584805","49,4643925",1,0,1,0,0,0,1,0,1,0
25.04.2024,Харківська,Балаклія,"36,8584805","49,4643925",0,0,0,0,0,0,1,0,0,0
25.04.2024,Харківська,Балаклія,"36,8584805","49,4643925",0,0,0,0,0,0,1,0,0,0
25.04.2024,Харківська,Балаклія,"36,8584805","49,4643925",0,0,0,0,0,0,1,0,0,0
25.04.2024,Харківська,Балаклія,"36,8584805","49,4643925",0,0,0,0,0,0,1,0,0,0
25.04.2024,Харківська,Балаклія,"36,8584805","49,4643925",0,0,0,0,0,0,1,0,0,0
25.04.2024,Харківська,Балаклія,"36,8584805","49,4643925",0,0,0,0,0,0,1,0,0,0
25.04.2024,Харківська,Балаклія,"36,8584805","49,4643925",0,0,0,0,0,0,1,0,0,0
25.04.2024,Харківська,Балаклія,"36,8584805","49,4643925",0,0,0,0,0,0,1,0,0,0
25.04.2024,Харківська,Балаклія,"36,8584805","49,4643925",0,0,0,0,0,0,1,0,0,0
25.04.2024,Харківська,Балаклія,"36,8584805","49,4643925",0,0,0,0,0,0,1,0,0,0
25.04.2024,Харківська,Балаклія,"36,8584805","49,4643925",0,0,0,0,0,0,1,0,0,0
25.04.2024,Харківська,Балаклія,"36,8584805","49,4643925",0,0,0,0,0,0,1,0,0,0
26.04.2024,Харківська,Дергачі,"36,1155026","50,1097212",1,0,0,0,1,0,1,0,1,0
26.04.2024,Харківська,Дергачі,"36,1155026","50,1097212",1,0,0,0,1,0,1,0,0,0
26.04.2024,Харківська,Дергачі,"36,1155026","50,1097212",0,0,0,0,0,0,1,0,0,0
26.04.2024,Харківська,Дергачі,"36,1155026","50,1097212",0,0,0,0,0,0,1,0,0,0
26.04.2024,Сумська,Суми,"34,7981","50,9077",1,0,0,0,1,0,0,0,1,0
26.04.2024,Сумська,Суми,"34,7981","50,9077",1,0,0,0,1,0,0,0,0,0
26.04.2024,Харківська,Вовчанськ,"36,9329429","50,284234",1,0,0,0,1,1,0,0,1,0
26.04.2024,Харківська,Вовчанськ,"36,9329429","50,284234",1,0,0,0,1,0,0,0,0,0
26.04.2024,Харківська,Чугуїв,"36,6813122","49,8363158",1,0,0,0,1,0,1,0,1,0
26.04.2024,Харківська,Чугуїв,"36,6813122","49,8363158",1,0,0,0,1,0,0,0,0,0
27.04.2024,Львівська,Стрий,"23,8431343","49,2656076",1,1,1,0,0,0,0,0,1,0
27.04.2024,Львівська,Стрий,"23,8431343","49,2656076",1,1,0,0,0,0,0,0,0,0
27.04.2024,Львівська,Стрий,"23,8431343","49,2656076",1,1,0,0,0,0,0,0,0,0
27.04.2024,Львівська,Стрий,"23,8431343","49,2656076",1,0,0,0,0,0,0,0,0,0
27.04.2024,Львівська,Шептицький,"24,2199454","50,3871767",1,1,0,0,0,0,0,1,0,0
27.04.2024,Львівська,Шептицький,"24,2199454","50,3871767",1,1,0,0,0,0,0,0,0,0
27.04.2024,Львівська,Шептицький,"24,2199454","50,3871767",1,1,0,0,0,0,0,0,0,0
27.04.2024,Львівська,Шептицький,"24,2199454","50,3871767",1,1,0,0,0,0,0,0,0,0
27.04.2024,Харківська,Чугуїв,"36,6813122","49,8363158",1,0,0,0,1,0,0,0,0,1
27.04.2024,Харківська,Харків,"36,3073994","50,0020127",1,0,1,0,0,0,1,0,0,1
27.04.2024,Харківська,Харків,"36,3073994","50,0020127",1,0,1,0,0,0,0,0,0,0
28.04.2024,Харківська,Ізюм,"37,2665006","49,2121445",1,0,0,0,1,0,0,0,1,0
28.04.2024,Харківська,Вовчанськ,"36,9329429","50,284234",1,0,0,0,1,0,0,0,1,0
28.04.2024,Запорізька,Запоріжжя,"35,1387097","47,8392842",1,1,0,0,0,0,0,0,1,0
28.04.2024,Одеська,Одеса,"30,7306393","46,4702111",1,0,0,1,0,0,0,0,1,0
28.04.2024,Одеська,Одеса,"30,7306393","46,4702111",0,0,0,0,0,0,0,0,1,0
28.04.2024,Одеська,Одеса,"30,7306393","46,4702111",0,0,0,0,0,0,0,0,1,0
28.04.2024,Одеська,Одеса,"30,7306393","46,4702111",0,0,0,0,0,0,0,0,1,0
28.04.2024,Одеська,Одеса,"30,7306393","46,4702111",0,0,0,0,0,0,0,0,1,0
28.04.2024,Одеська,Одеса,"30,7306393","46,4702111",0,0,0,0,0,0,0,0,1,0
28.04.2024,Одеська,Одеса,"30,7306393","46,4702111",0,0,0,0,0,0,0,0,1,0
28.04.2024,Одеська,Одеса,"30,7306393","46,4702111",0,0,0,0,0,0,0,0,1,0
28.04.2024,Одеська,Одеса,"30,7306393","46,4702111",0,0,0,0,0,0,0,0,1,0
29.04.2024,Харківська,Харків,"36,3073994","50,0020127",1,0,0,0,1,0,1,0,1,0
29.04.2024,Харківська,Харків,"36,3073994","50,0020127",1,0,0,0,1,0,0,0,0,0
29.04.2024,Харківська,Харків,"36,3073994","50,0020127",1,0,0,0,1,0,0,0,0,0
29.04.2024,Харківська,Харків,"36,3073994","50,0020127",1,0,0,0,1,0,0,0,0,0
29.04.2024,Харківська,Харків,"36,3073994","50,0020127",1,0,0,0,1,0,0,0,0,0
29.04.2024,Харківська,Харків,"36,3073994","50,0020127",1,0,0,0,1,0,0,0,0,0
29.04.2024,Харківська,Харків,"36,3073994","50,0020127",1,0,0,0,1,0,0,0,0,0
29.04.2024,Одеська,Одеса,"30,7306393","46,4702111",1,0,1,0,0,1,1,0,1,0
29.04.2024,Одеська,Одеса,"30,7306393","46,4702111",0,0,0,0,0,1,1,0,1,0
29.04.2024,Одеська,Одеса,"30,7306393","46,4702111",0,0,0,0,0,1,1,0,1,0
29.04.2024,Одеська,Одеса,"30,7306393","46,4702111",0,0,0,0,0,1,1,0,1,0
29.04.2024,Одеська,Одеса,"30,7306393","46,4702111",0,0,0,0,0,1,1,0,1,0
29.04.2024,Одеська,Одеса,"30,7306393","46,4702111",0,0,0,0,0,1,1,0,1,0
29.04.2024,Одеська,Одеса,"30,7306393","46,4702111",0,0,0,0,0,0,1,0,1,0
29.04.2024,Одеська,Одеса,"30,7306393","46,4702111",0,0,0,0,0,0,1,0,1,0
29.04.2024,Одеська,Одеса,"30,7306393","46,4702111",0,0,0,0,0,0,1,0,1,0
29.04.2024,Одеська,Одеса,"30,7306393","46,4702111",0,0,0,0,0,0,1,0,1,0
29.04.2024,Одеська,Одеса,"30,7306393","46,4702111",0,0,0,0,0,0,1,0,1,0
29.04.2024,Одеська,Одеса,"30,7306393","46,4702111",0,0,0,0,0,0,1,0,0,0
29.04.2024,Одеська,Одеса,"30,7306393","46,4702111",0,0,0,0,0,0,1,0,0,0
29.04.2024,Одеська,Одеса,"30,7306393","46,4702111",0,0,0,0,0,0,1,0,0,0
29.04.2024,Одеська,Одеса,"30,7306393","46,4702111",0,0,0,0,0,0,1,0,0,0
29.04.2024,Одеська,Одеса,"30,7306393","46,4702111",0,0,0,0,0,0,1,0,0,0
29.04.2024,Одеська,Одеса,"30,7306393","46,4702111",0,0,0,0,0,0,1,0,0,0
29.04.2024,Одеська,Одеса,"30,7306393","46,4702111",0,0,0,0,0,0,1,0,0,0
29.04.2024,Одеська,Одеса,"30,7306393","46,4702111",0,0,0,0,0,0,1,0,0,0
29.04.2024,Одеська,Одеса,"30,7306393","46,4702111",0,0,0,0,0,0,1,0,0,0
29.04.2024,Одеська,Одеса,"30,7306393","46,4702111",0,0,0,0,0,0,1,0,0,0
29.04.2024,Одеська,Одеса,"30,7306393","46,4702111",0,0,0,0,0,0,1,0,0,0
29.04.2024,Одеська,Одеса,"30,7306393","46,4702111",0,0,0,0,0,0,1,0,0,0
29.04.2024,Одеська,Одеса,"30,7306393","46,4702111",0,0,0,0,0,0,1,0,0,0
29.04.2024,Одеська,Одеса,"30,7306393","46,4702111",0,0,0,0,0,0,1,0,0,0
29.04.2024,Одеська,Одеса,"30,7306393","46,4702111",0,0,0,0,0,0,1,0,0,0
29.04.2024,Одеська,Одеса,"30,7306393","46,4702111",0,0,0,0,0,0,1,0,0,0
29.04.2024,Одеська,Одеса,"30,7306393","46,4702111",0,0,0,0,0,0,1,0,0,0
29.04.2024,Одеська,Одеса,"30,7306393","46,4702111",0,0,0,0,0,0,1,0,0,0
29.04.2024,Одеська,Одеса,"30,7306393","46,4702111",0,0,0,0,0,0,1,0,0,0
29.04.2024,Одеська,Одеса,"30,7306393","46,4702111",0,0,0,0,0,0,1,0,0,0
29.04.2024,Одеська,Одеса,"30,7306393","46,4702111",0,0,0,0,0,0,1,0,0,0
30.04.2024,Одеська,Одеса,"30,7306393","46,4702111",1,1,0,0,0,1,1,0,0,1
30.04.2024,Одеська,Одеса,"30,7306393","46,4702111",1,1,0,0,0,1,1,0,0,0
30.04.2024,Одеська,Одеса,"30,7306393","46,4702111",1,1,0,0,0,1,1,0,0,0
30.04.2024,Харківська,Харків,"36,3073994","50,0020127",1,0,0,0,1,1,1,0,1,0
30.04.2024,Харківська,Харків,"36,3073994","50,0020127",1,0,0,0,1,0,1,0,0,0
30.04.2024,Харківська,Харків,"36,3073994","50,0020127",1,0,0,0,1,0,1,0,0,0
30.04.2024,Харківська,Харків,"36,3073994","50,0020127",1,0,0,0,1,0,1,0,0,0
30.04.2024,Харківська,Харків,"36,3073994","50,0020127",1,0,0,0,1,0,1,0,0,0
30.04.2024,Харківська,Харків,"36,3073994","50,0020127",1,0,0,0,1,0,1,0,0,0
30.04.2024,Харківська,Харків,"36,3073994","50,0020127",1,0,0,0,1,0,1,0,0,0
30.04.2024,Харківська,Харків,"36,3073994","50,0020127",1,0,0,0,1,0,1,0,0,0
30.04.2024,Харківська,Харків,"36,3073994","50,0020127",0,0,0,0,0,0,1,0,0,0
30.04.2024,Харківська,Харків,"36,3073994","50,0020127",0,0,0,0,0,0,1,0,0,0
01.05.2024,Харківська,Богодухів,"35,5402444","50,1636245",1,0,0,0,1,1,1,0,0,1
01.05.2024,Харківська,Богодухів,"35,5402444","50,1636245",1,0,0,0,1,1,1,0,0,0
01.05.2024,Харківська,Богодухів,"35,5402444","50,1636245",1,0,0,0,1,0,1,0,0,0
01.05.2024,Харківська,Богодухів,"35,5402444","50,1636245",0,0,0,0,0,0,1,0,0,0
01.05.2024,Харківська,Богодухів,"35,5402444","50,1636245",0,0,0,0,0,0,1,0,0,0
01.05.2024,Харківська,Богодухів,"35,5402444","50,1636245",0,0,0,0,0,0,1,0,0,0
01.05.2024,Харківська,Богодухів,"35,5402444","50,1636245",0,0,0,0,0,0,1,0,0,0
01.05.2024,Харківська,Богодухів,"35,5402444","50,1636245",0,0,0,0,0,0,1,0,0,0
01.05.2024,Харківська,Богодухів,"35,5402444","50,1636245",0,0,0,0,0,0,1,0,0,0
01.05.2024,Харківська,Богодухів,"35,5402444","50,1636245",0,0,0,0,0,0,1,0,0,0
01.05.2024,Харківська,Богодухів,"35,5402444","50,1636245",0,0,0,0,0,0,1,0,0,0
01.05.2024,Харківська,Богодухів,"35,5402444","50,1636245",0,0,0,0,0,0,1,0,0,0
01.05.2024,Харківська,Богодухів,"35,5402444","50,1636245",0,0,0,0,0,0,1,0,0,0
01.05.2024,Харківська,Богодухів,"35,5402444","50,1636245",0,0,0,0,0,0,1,0,0,0
01.05.2024,Харківська,Богодухів,"35,5402444","50,1636245",0,0,0,0,0,0,1,0,0,0
01.05.2024,Харківська,Богодухів,"35,5402444","50,1636245",0,0,0,0,0,0,1,0,0,0
01.05.2024,Харківська,Богодухів,"35,5402444","50,1636245",0,0,0,0,0,0,1,0,0,0
01.05.2024,Харківська,Богодухів,"35,5402444","50,1636245",0,0,0,0,0,0,1,0,0,0
01.05.2024,Харківська,Богодухів,"35,5402444","50,1636245",0,0,0,0,0,0,1,0,0,0
01.05.2024,Харківська,Богодухів,"35,5402444","50,1636245",0,0,0,0,0,0,1,0,0,0
01.05.2024,Харківська,Богодухів,"35,5402444","50,1636245",0,0,0,0,0,0,1,0,0,0
01.05.2024,Харківська,Богодухів,"35,5402444","50,1636245",0,0,0,0,0,0,1,0,0,0
01.05.2024,Харківська,Богодухів,"35,5402444","50,1636245",0,0,0,0,0,0,1,0,0,0
01.05.2024,Харківська,Богодухів,"35,5402444","50,1636245",0,0,0,0,0,0,1,0,0,0
01.05.2024,Харківська,Богодухів,"35,5402444","50,1636245",0,0,0,0,0,0,1,0,0,0
01.05.2024,Харківська,Богодухів,"35,5402444","50,1636245",0,0,0,0,0,0,1,0,0,0
01.05.2024,Харківська,Богодухів,"35,5402444","50,1636245",0,0,0,0,0,0,1,0,0,0
01.05.2024,Харківська,Богодухів,"35,5402444","50,1636245",0,0,0,0,0,0,1,0,0,0
01.05.2024,Харківська,Богодухів,"35,5402444","50,1636245",0,0,0,0,0,0,1,0,0,0
01.05.2024,Харківська,Богодухів,"35,5402444","50,1636245",0,0,0,0,0,0,1,0,0,0
01.05.2024,Харківська,Харків,"36,3073994","50,0020127",1,0,0,0,1,0,0,0,1,0
01.05.2024,Харківська,Чугуїв,"36,6813122","49,8363158",1,0,1,0,0,0,0,0,1,1
01.05.2024,Одеська,Одеса,"30,7306393","46,4702111",1,0,1,0,0,0,1,0,1,0
01.05.2024,Одеська,Одеса,"30,7306393","46,4702111",1,0,1,0,0,0,1,0,1,0
01.05.2024,Одеська,Одеса,"30,7306393","46,4702111",1,0,1,0,0,0,1,0,1,0
01.05.2024,Одеська,Одеса,"30,7306393","46,4702111",0,0,0,0,0,0,1,0,0,0
01.05.2024,Одеська,Одеса,"30,7306393","46,4702111",0,0,0,0,0,0,1,0,0,0
01.05.2024,Одеська,Одеса,"30,7306393","46,4702111",0,0,0,0,0,0,1,0,0,0
01.05.2024,Одеська,Одеса,"30,7306393","46,4702111",0,0,0,0,0,0,1,0,0,0
01.05.2024,Одеська,Одеса,"30,7306393","46,4702111",0,0,0,0,0,0,1,0,0,0
01.05.2024,Одеська,Одеса,"30,7306393","46,4702111",0,0,0,0,0,0,1,0,0,0
01.05.2024,Одеська,Одеса,"30,7306393","46,4702111",0,0,0,0,0,0,1,0,0,0
01.05.2024,Одеська,Одеса,"30,7306393","46,4702111",0,0,0,0,0,0,1,0,0,0
01.05.2024,Одеська,Одеса,"30,7306393","46,4702111",0,0,0,0,0,0,1,0,0,0
01.05.2024,Одеська,Одеса,"30,7306393","46,4702111",0,0,0,0,0,0,1,0,0,0
01.05.2024,Одеська,Одеса,"30,7306393","46,4702111",0,0,0,0,0,0,1,0,0,0
02.05.2024,Миколаївська,Миколаїв,"32,003246","46,9660801",1,1,0,0,0,0,0,1,0,0
02.05.2024,Миколаївська,Миколаїв,"32,003246","46,9660801",1,1,0,0,0,0,0,0,0,0
02.05.2024,Харківська,Куп'янськ,"37,6027997","49,7055574",1,0,0,0,1,0,1,0,1,0
02.05.2024,Харківська,Дергачі,"36,1155026","50,1097212",1,0,0,0,1,0,0,0,1,0
02.05.2024,Харківська,Дергачі,"36,1155026","50,1097212",1,0,0,0,1,0,0,0,0,0
03.05.2024,Миколаївська,Миколаїв,"32,003246","46,9660801",1,1,0,0,0,0,0,0,1,0
03.05.2024,Харківська,Харків,"36,3073994","50,0020127",1,0,0,0,1,1,1,0,1,0
03.05.2024,Харківська,Харків,"36,3073994","50,0020127",1,0,0,0,1,0,1,0,1,0
03.05.2024,Харківська,Харків,"36,3073994","50,0020127",1,0,0,0,1,0,1,0,0,0
03.05.2024,Харківська,Харків,"36,3073994","50,0020127",0,0,0,0,0,0,1,0,0,0
03.05.2024,Харківська,Харків,"36,3073994","50,0020127",0,0,0,0,0,0,1,0,0,0
03.05.2024,Харківська,Харків,"36,3073994","50,0020127",0,0,0,0,0,0,1,0,0,0
04.05.2024,Харківська,Харків,"36,3073994","50,0020127",1,0,1,0,1,0,1,0,1,0
04.05.2024,Харківська,Харків,"36,3073994","50,0020127",1,0,0,0,1,0,1,0,1,0
04.05.2024,Харківська,Харків,"36,3073994","50,0020127",1,0,0,0,0,0,1,0,0,0
04.05.2024,Харківська,Харків,"36,3073994","50,0020127",0,0,0,0,0,0,1,0,0,0
04.05.2024,Харківська,Харків,"36,3073994","50,0020127",0,0,0,0,0,0,1,0,0,0
04.05.2024,Харківська,Харків,"36,3073994","50,0020127",0,0,0,0,0,0,1,0,0,0
04.05.2024,Харківська,Харків,"36,3073994","50,0020127",0,0,0,0,0,0,1,0,0,0
04.05.2024,Харківська,Харків,"36,3073994","50,0020127",0,0,0,0,0,0,1,0,0,0
04.05.2024,Харківська,Харків,"36,3073994","50,0020127",0,0,0,0,0,0,1,0,0,0
04.05.2024,Харківська,Харків,"36,3073994","50,0020127",0,0,0,0,0,0,1,0,0,0
04.05.2024,Харківська,Харків,"36,3073994","50,0020127",0,0,0,0,0,0,1,0,0,0
04.05.2024,Харківська,Харків,"36,3073994","50,0020127",0,0,0,0,0,0,1,0,0,0
04.05.2024,Харківська,Харків,"36,3073994","50,0020127",0,0,0,0,0,0,1,0,0,0
04.05.2024,Кіровоградська,Кропивницький,"32,2641984","48,5070977",1,1,1,0,0,0,1,0,1,0
04.05.2024,Кіровоградська,Кропивницький,"32,2641984","48,5070977",1,0,0,0,0,0,0,0,1,0
04.05.2024,Кіровоградська,Кропивницький,"32,2641984","48,5070977",0,0,0,0,0,0,0,0,1,0
04.05.2024,Кіровоградська,Кропивницький,"32,2641984","48,5070977",0,0,0,0,0,0,0,0,1,0
04.05.2024,Кіровоградська,Кропивницький,"32,2641984","48,5070977",0,0,0,0,0,0,0,0,1,0
04.05.2024,Кіровоградська,Кропивницький,"32,2641984","48,5070977",0,0,0,0,0,0,0,0,1,0
04.05.2024,Кіровоградська,Кропивницький,"32,2641984","48,5070977",0,0,0,0,0,0,0,0,1,0
04.05.2024,Кіровоградська,Кропивницький,"32,2641984","48,5070977",0,0,0,0,0,0,0,0,1,0
04.05.2024,Кіровоградська,Кропивницький,"32,2641984","48,5070977",0,0,0,0,0,0,0,0,1,0
04.05.2024,Кіровоградська,Кропивницький,"32,2641984","48,5070977",0,0,0,0,0,0,0,0,1,0
04.05.2024,Кіровоградська,Кропивницький,"32,2641984","48,5070977",0,0,0,0,0,0,0,0,1,0
04.05.2024,Кіровоградська,Кропивницький,"32,2641984","48,5070977",0,0,0,0,0,0,0,0,1,0
04.05.2024,Кіровоградська,Кропивницький,"32,2641984","48,5070977",0,0,0,0,0,0,0,0,1,0
04.05.2024,Кіровоградська,Кропивницький,"32,2641984","48,5070977",0,0,0,0,0,0,0,0,1,0
04.05.2024,Кіровоградська,Кропивницький,"32,2641984","48,5070977",0,0,0,0,0,0,0,0,1,0
04.05.2024,Кіровоградська,Кропивницький,"32,2641984","48,5070977",0,0,0,0,0,0,0,0,1,0
04.05.2024,Кіровоградська,Кропивницький,"32,2641984","48,5070977",0,0,0,0,0,0,0,0,1,0
04.05.2024,Кіровоградська,Кропивницький,"32,2641984","48,5070977",0,0,0,0,0,0,0,0,1,0
04.05.2024,Кіровоградська,Кропивницький,"32,2641984","48,5070977",0,0,0,0,0,0,0,0,1,0
04.05.2024,Кіровоградська,Кропивницький,"32,2641984","48,5070977",0,0,0,0,0,0,0,0,1,0
04.05.2024,Кіровоградська,Кропивницький,"32,2641984","48,5070977",0,0,0,0,0,0,0,0,1,0
04.05.2024,Кіровоградська,Кропивницький,"32,2641984","48,5070977",0,0,0,0,0,0,0,0,1,0
04.05.2024,Кіровоградська,Кропивницький,"32,2641984","48,5070977",0,0,0,0,0,0,0,0,1,0
04.05.2024,Кіровоградська,Кропивницький,"32,2641984","48,5070977",0,0,0,0,0,0,0,0,1,0
04.05.2024,Кіровоградська,Кропивницький,"32,2641984","48,5070977",0,0,0,0,0,0,0,0,1,0
04.05.2024,Дніпропетровська,Павлоград,"35,9032574","48,5294478",1,0,0,1,0,0,1,0,1,0
04.05.2024,Дніпропетровська,Павлоград,"35,9032574","48,5294478",1,0,0,1,0,0,1,0,1,0
04.05.2024,Дніпропетровська,Павлоград,"35,9032574","48,5294478",1,0,0,1,0,0,0,0,1,0
04.05.2024,Дніпропетровська,Павлоград,"35,9032574","48,5294478",1,0,0,1,0,0,0,0,1,0
04.05.2024,Дніпропетровська,Павлоград,"35,9032574","48,5294478",1,0,0,1,0,0,0,0,0,0
04.05.2024,Дніпропетровська,Павлоград,"35,9032574","48,5294478",1,0,0,1,0,0,0,0,0,0
04.05.2024,Дніпропетровська,Павлоград,"35,9032574","48,5294478",1,0,0,1,0,0,0,0,0,0
04.05.2024,Дніпропетровська,Павлоград,"35,9032574","48,5294478",1,0,0,1,0,0,0,0,0,0
04.05.2024,Дніпропетровська,Павлоград,"35,9032574","48,5294478",1,0,0,1,0,0,0,0,0,0
04.05.2024,Дніпропетровська,Павлоград,"35,9032574","48,5294478",1,0,0,1,0,0,0,0,0,0
04.05.2024,Дніпропетровська,Павлоград,"35,9032574","48,5294478",1,0,0,1,0,0,0,0,0,0
04.05.2024,Дніпропетровська,Павлоград,"35,9032574","48,5294478",1,0,0,1,0,0,0,0,0,0
04.05.2024,Дніпропетровська,Павлоград,"35,9032574","48,5294478",1,0,0,1,0,0,0,0,0,0
04.05.2024,Одеська,Одеса,"30,7306393","46,4702111",1,0,1,0,0,0,1,0,1,0
04.05.2024,Одеська,Одеса,"30,7306393","46,4702111",0,0,0,0,0,0,1,0,0,0
04.05.2024,Одеська,Одеса,"30,7306393","46,4702111",0,0,0,0,0,0,1,0,0,0
05.05.2024,Харківська,Харків,"36,3073994","50,0020127",1,0,0,0,1,0,1,0,1,0
05.05.2024,Харківська,Харків,"36,3073994","50,0020127",1,0,0,0,1,0,1,0,0,0
05.05.2024,Харківська,Харків,"36,3073994","50,0020127",1,0,0,0,1,0,1,0,0,0
05.05.2024,Харківська,Харків,"36,3073994","50,0020127",0,0,0,0,0,0,1,0,0,0
05.05.2024,Харківська,Харків,"36,3073994","50,0020127",0,0,0,0,0,0,1,0,0,0
05.05.2024,Харківська,Харків,"36,3073994","50,0020127",0,0,0,0,0,0,1,0,0,0
05.05.2024,Харківська,Харків,"36,3073994","50,0020127",0,0,0,0,0,0,1,0,0,0
05.05.2024,Харківська,Харків,"36,3073994","50,0020127",0,0,0,0,0,0,1,0,0,0
05.05.2024,Харківська,Харків,"36,3073994","50,0020127",0,0,0,0,0,0,1,0,0,0
05.05.2024,Харківська,Харків,"36,3073994","50,0020127",0,0,0,0,0,0,1,0,0,0
05.05.2024,Харківська,Куп'янськ,"37,6027997","49,7055574",1,0,0,0,1,1,1,0,1,0
05.05.2024,Харківська,Куп'янськ,"37,6027997","49,7055574",0,0,0,0,0,0,1,0,0,0
06.05.2024,Харківська,Золочів,"35,9760431","50,2690697",1,0,0,0,1,0,0,0,1,0
06.05.2024,Харківська,Золочів,"35,9760431","50,2690697",1,0,0,0,1,0,0,0,0,0
06.05.2024,Харківська,Золочів,"35,9760431","50,2690697",1,0,0,0,1,0,0,0,0,0
06.05.2024,Сумська,Суми,"34,7981","50,9077",1,0,0,1,0,0,1,1,0,0
06.05.2024,Сумська,Суми,"34,7981","50,9077",1,0,0,1,0,0,0,0,0,0
06.05.2024,Сумська,Суми,"34,7981","50,9077",1,0,0,1,0,0,0,0,0,0
06.05.2024,Сумська,Суми,"34,7981","50,9077",1,0,0,1,0,0,0,0,0,0
06.05.2024,Сумська,Суми,"34,7981","50,9077",1,0,0,1,0,0,0,0,0,0
06.05.2024,Сумська,Суми,"34,7981","50,9077",1,0,0,1,0,0,0,0,0,0
06.05.2024,Сумська,Суми,"34,7981","50,9077",1,0,0,1,0,0,0,0,0,0
06.05.2024,Сумська,Суми,"34,7981","50,9077",1,0,0,1,0,0,0,0,0,0
06.05.2024,Сумська,Суми,"34,7981","50,9077",1,0,0,1,0,0,0,0,0,0
06.05.2024,Сумська,Суми,"34,7981","50,9077",1,0,0,1,0,0,0,0,0,0
06.05.2024,Сумська,Суми,"34,7981","50,9077",1,0,0,1,0,0,0,0,0,0
06.05.2024,Сумська,Суми,"34,7981","50,9077",1,0,0,1,0,0,0,0,0,0
06.05.2024,Сумська,Суми,"34,7981","50,9077",1,0,0,1,0,0,0,0,0,0
06.05.2024,Сумська,Суми,"34,7981","50,9077",1,0,0,1,0,0,0,0,0,0
06.05.2024,Сумська,Суми,"34,7981","50,9077",1,0,0,1,0,0,0,0,0,0
06.05.2024,Сумська,Суми,"34,7981","50,9077",1,0,0,1,0,0,0,0,0,0
06.05.2024,Сумська,Суми,"34,7981","50,9077",1,0,0,1,0,0,0,0,0,0
06.05.2024,Сумська,Суми,"34,7981","50,9077",1,0,0,1,0,0,0,0,0,0
06.05.2024,Сумська,Суми,"34,7981","50,9077",1,0,0,1,0,0,0,0,0,0
06.05.2024,Сумська,Суми,"34,7981","50,9077",1,0,0,1,0,0,0,0,0,0
06.05.2024,Сумська,Суми,"34,7981","50,9077",1,0,0,1,0,0,0,0,0,0
06.05.2024,Сумська,Суми,"34,7981","50,9077",1,0,0,1,0,0,0,0,0,0
06.05.2024,Сумська,Суми,"34,7981","50,9077",1,0,0,1,0,0,0,0,0,0
06.05.2024,Сумська,Суми,"34,7981","50,9077",1,0,0,1,0,0,0,0,0,0
07.05.2024,Харківська,Ізюм,"37,2665006","49,2121445",1,0,0,0,1,0,1,0,1,0
07.05.2024,Харківська,Ізюм,"37,2665006","49,2121445",0,0,0,0,0,0,1,0,0,0
07.05.2024,Харківська,Ізюм,"37,2665006","49,2121445",0,0,0,0,0,0,1,0,0,0
08.05.2024,Львівська,Стрий,"23,8431343","49,2656076",1,1,0,0,0,0,0,0,1,0
08.05.2024,Львівська,Стрий,"23,8431343","49,2656076",1,1,0,0,0,0,0,0,0,0
08.05.2024,Львівська,Стрий,"23,8431343","49,2656076",1,1,0,0,0,0,0,0,0,0
08.05.2024,Львівська,Стрий,"23,8431343","49,2656076",1,1,0,0,0,0,0,0,0,0
08.05.2024,Львівська,Стрий,"23,8431343","49,2656076",1,1,0,0,0,0,0,0,0,0
08.05.2024,Львівська,Стрий,"23,8431343","49,2656076",1,1,0,0,0,0,0,0,0,0
08.05.2024,Львівська,Шептицький,"24,2199454","50,3871767",1,1,1,0,0,0,0,1,0,0
08.05.2024,Львівська,Шептицький,"24,2199454","50,3871767",1,1,1,0,0,0,0,0,0,0
08.05.2024,Львівська,Шептицький,"24,2199454","50,3871767",1,1,0,0,0,0,0,0,0,0
08.05.2024,Львівська,Шептицький,"24,2199454","50,3871767",1,1,0,0,0,0,0,0,0,0
08.05.2024,Львівська,Шептицький,"24,2199454","50,3871767",1,0,0,0,0,0,0,0,0,0
08.05.2024,Львівська,Шептицький,"24,2199454","50,3871767",1,0,0,0,0,0,0,0,0,0
08.05.2024,Івано-Франківська,Бурштин,"24,62688","49,2605667",1,1,0,0,0,0,0,1,0,0
08.05.2024,Івано-Франківська,Бурштин,"24,62688","49,2605667",1,1,0,0,0,0,0,0,0,0
08.05.2024,Полтавська,Кременчук,"33,410033","49,065783",1,0,0,1,0,0,0,1,0,0
08.05.2024,Кіровоградська,Олександрія,"33,0967875","48,6632704",1,1,0,0,0,0,1,1,1,0
08.05.2024,Кіровоградська,Олександрія,"33,0967875","48,6632704",0,0,0,0,0,0,0,0,1,0
08.05.2024,Кіровоградська,Олександрія,"33,0967875","48,6632704",0,0,0,0,0,0,0,0,1,0
08.05.2024,Кіровоградська,Олександрія,"33,0967875","48,6632704",0,0,0,0,0,0,0,0,1,0
08.05.2024,Кіровоградська,Олександрія,"33,0967875","48,6632704",0,0,0,0,0,0,0,0,1,0
08.05.2024,Кіровоградська,Олександрія,"33,0967875","48,6632704",0,0,0,0,0,0,0,0,1,0
08.05.2024,Кіровоградська,Олександрія,"33,0967875","48,6632704",0,0,0,0,0,0,0,0,1,0
08.05.2024,Кіровоградська,Олександрія,"33,0967875","48,6632704",0,0,0,0,0,0,0,0,1,0
08.05.2024,Кіровоградська,Олександрія,"33,0967875","48,6632704",0,0,0,0,0,0,0,0,1,0
08.05.2024,Кіровоградська,Олександрія,"33,0967875","48,6632704",0,0,0,0,0,0,0,0,1,0
08.05.2024,Кіровоградська,Олександрія,"33,0967875","48,6632704",0,0,0,0,0,0,0,0,1,0
08.05.2024,Кіровоградська,Олександрія,"33,0967875","48,6632704",0,0,0,0,0,0,0,0,1,0
08.05.2024,Кіровоградська,Олександрія,"33,0967875","48,6632704",0,0,0,0,0,0,0,0,1,0
08.05.2024,Кіровоградська,Олександрія,"33,0967875","48,6632704",0,0,0,0,0,0,0,0,1,0
08.05.2024,Кіровоградська,Олександрія,"33,0967875","48,6632704",0,0,0,0,0,0,0,0,1,0
08.05.2024,Кіровоградська,Олександрія,"33,0967875","48,6632704",0,0,0,0,0,0,0,0,1,0
08.05.2024,Кіровоградська,Олександрія,"33,0967875","48,6632704",0,0,0,0,0,0,0,0,1,0
08.05.2024,Кіровоградська,Олександрія,"33,0967875","48,6632704",0,0,0,0,0,0,0,0,1,0
08.05.2024,Кіровоградська,Олександрія,"33,0967875","48,6632704",0,0,0,0,0,0,0,0,1,0
08.05.2024,Кіровоградська,Олександрія,"33,0967875","48,6632704",0,0,0,0,0,0,0,0,1,0
08.05.2024,Кіровоградська,Олександрія,"33,0967875","48,6632704",0,0,0,0,0,0,0,0,1,0
08.05.2024,Кіровоградська,Олександрія,"33,0967875","48,6632704",0,0,0,0,0,0,0,0,1,0
08.05.2024,Кіровоградська,Олександрія,"33,0967875","48,6632704",0,0,0,0,0,0,0,0,1,0
08.05.2024,Кіровоградська,Олександрія,"33,0967875","48,6632704",0,0,0,0,0,0,0,0,1,0
08.05.2024,Кіровоградська,Олександрія,"33,0967875","48,6632704",0,0,0,0,0,0,0,0,1,0
08.05.2024,Кіровоградська,Олександрія,"33,0967875","48,6632704",0,0,0,0,0,0,0,0,1,0
08.05.2024,Кіровоградська,Олександрія,"33,0967875","48,6632704",0,0,0,0,0,0,0,0,1,0
08.05.2024,Кіровоградська,Олександрія,"33,0967875","48,6632704",0,0,0,0,0,0,0,0,1,0
08.05.2024,Кіровоградська,Олександрія,"33,0967875","48,6632704",0,0,0,0,0,0,0,0,1,0
08.05.2024,Кіровоградська,Олександрія,"33,0967875","48,6632704",0,0,0,0,0,0,0,0,1,0
08.05.2024,Кіровоградська,Олександрія,"33,0967875","48,6632704",0,0,0,0,0,0,0,0,1,0
08.05.2024,Кіровоградська,Олександрія,"33,0967875","48,6632704",0,0,0,0,0,0,0,0,1,0
08.05.2024,Кіровоградська,Олександрія,"33,0967875","48,6632704",0,0,0,0,0,0,0,0,1,0
08.05.2024,Кіровоградська,Олександрія,"33,0967875","48,6632704",0,0,0,0,0,0,0,0,1,0
08.05.2024,Кіровоградська,Олександрія,"33,0967875","48,6632704",0,0,0,0,0,0,0,0,1,0
08.05.2024,Кіровоградська,Олександрія,"33,0967875","48,6632704",0,0,0,0,0,0,0,0,1,0
08.05.2024,Кіровоградська,Олександрія,"33,0967875","48,6632704",0,0,0,0,0,0,0,0,1,0
08.05.2024,Кіровоградська,Олександрія,"33,0967875","48,6632704",0,0,0,0,0,0,0,0,1,0
08.05.2024,Кіровоградська,Олександрія,"33,0967875","48,6632704",0,0,0,0,0,0,0,0,1,0
08.05.2024,Кіровоградська,Олександрія,"33,0967875","48,6632704",0,0,0,0,0,0,0,0,1,0
08.05.2024,Кіровоградська,Олександрія,"33,0967875","48,6632704",0,0,0,0,0,0,0,0,1,0
08.05.2024,Кіровоградська,Олександрія,"33,0967875","48,6632704",0,0,0,0,0,0,0,0,1,0
08.05.2024,Кіровоградська,Олександрія,"33,0967875","48,6632704",0,0,0,0,0,0,0,0,1,0
08.05.2024,Київська,Бровари,"30,7909","50,511083",1,1,0,0,0,0,1,0,1,0
08.05.2024,Київська,Бровари,"30,7909","50,511083",0,0,0,0,0,0,1,0,0,0
08.05.2024,Вінницька,Ладижин,"29,2476274","48,6838051",1,1,0,0,0,0,0,1,0,0
08.05.2024,Вінницька,Ладижин,"29,2476274","48,6838051",1,1,0,0,0,0,0,1,0,0
08.05.2024,Вінницька,Ладижин,"29,2476274","48,6838051",1,1,0,0,0,0,0,1,0,0
08.05.2024,Вінницька,Ладижин,"29,2476274","48,6838051",1,1,0,0,0,0,0,1,0,0
08.05.2024,Харківська,Харків,"36,3073994","50,0020127",1,0,1,0,0,0,1,0,1,0
08.05.2024,Харківська,Харків,"36,3073994","50,0020127",1,0,1,0,0,0,1,0,1,0
08.05.2024,Харківська,Харків,"36,3073994","50,0020127",1,0,1,0,0,0,1,0,1,0
08.05.2024,Харківська,Харків,"36,3073994","50,0020127",1,0,1,0,0,0,1,0,0,0
08.05.2024,Харківська,Харків,"36,3073994","50,0020127",0,0,0,0,0,0,1,0,0,0
08.05.2024,Харківська,Харків,"36,3073994","50,0020127",0,0,0,0,0,0,1,0,0,0
08.05.2024,Харківська,Харків,"36,3073994","50,0020127",0,0,0,0,0,0,1,0,0,0
08.05.2024,Харківська,Харків,"36,3073994","50,0020127",0,0,0,0,0,0,1,0,0,0
08.05.2024,Харківська,Харків,"36,3073994","50,0020127",0,0,0,0,0,0,1,0,0,0
08.05.2024,Харківська,Харків,"36,3073994","50,0020127",0,0,0,0,0,0,1,0,0,0
08.05.2024,Харківська,Харків,"36,3073994","50,0020127",0,0,0,0,0,0,1,0,0,0
08.05.2024,Харківська,Харків,"36,3073994","50,0020127",0,0,0,0,0,0,1,0,0,0
08.05.2024,Харківська,Харків,"36,3073994","50,0020127",0,0,0,0,0,0,1,0,0,0
08.05.2024,Харківська,Харків,"36,3073994","50,0020127",0,0,0,0,0,0,1,0,0,0
08.05.2024,Запорізька,Запоріжжя,"35,1387097","47,8392842",1,1,0,0,0,0,1,1,1,0
08.05.2024,Запорізька,Запоріжжя,"35,1387097","47,8392842",1,1,0,0,0,0,0,0,1,0
08.05.2024,Запорізька,Запоріжжя,"35,1387097","47,8392842",1,1,0,0,0,0,0,0,1,0
08.05.2024,Запорізька,Запоріжжя,"35,1387097","47,8392842",1,1,0,0,0,0,0,0,1,0
08.05.2024,Запорізька,Запоріжжя,"35,1387097","47,8392842",0,0,0,0,0,0,0,0,1,0
08.05.2024,Запорізька,Запоріжжя,"35,1387097","47,8392842",0,0,0,0,0,0,0,0,1,0
08.05.2024,Запорізька,Запоріжжя,"35,1387097","47,8392842",0,0,0,0,0,0,0,0,1,0
08.05.2024,Запорізька,Запоріжжя,"35,1387097","47,8392842",0,0,0,0,0,0,0,0,1,0
08.05.2024,Запорізька,Запоріжжя,"35,1387097","47,8392842",0,0,0,0,0,0,0,0,1,0
08.05.2024,Запорізька,Запоріжжя,"35,1387097","47,8392842",0,0,0,0,0,0,0,0,1,0
08.05.2024,Запорізька,Запоріжжя,"35,1387097","47,8392842",0,0,0,0,0,0,0,0,1,0
08.05.2024,Запорізька,Запоріжжя,"35,1387097","47,8392842",0,0,0,0,0,0,0,0,1,0
08.05.2024,Запорізька,Запоріжжя,"35,1387097","47,8392842",0,0,0,0,0,0,0,0,1,0
08.05.2024,Запорізька,Запоріжжя,"35,1387097","47,8392842",0,0,0,0,0,0,0,0,1,0
08.05.2024,Запорізька,Запоріжжя,"35,1387097","47,8392842",0,0,0,0,0,0,0,0,1,0
08.05.2024,Запорізька,Запоріжжя,"35,1387097","47,8392842",0,0,0,0,0,0,0,0,1,0
08.05.2024,Запорізька,Запоріжжя,"35,1387097","47,8392842",0,0,0,0,0,0,0,0,1,0
08.05.2024,Запорізька,Запоріжжя,"35,1387097","47,8392842",0,0,0,0,0,0,0,0,1,0
08.05.2024,Запорізька,Запоріжжя,"35,1387097","47,8392842",0,0,0,0,0,0,0,0,1,0
08.05.2024,Запорізька,Запоріжжя,"35,1387097","47,8392842",0,0,0,0,0,0,0,0,1,0
08.05.2024,Запорізька,Запоріжжя,"35,1387097","47,8392842",0,0,0,0,0,0,0,0,1,0
08.05.2024,Запорізька,Запоріжжя,"35,1387097","47,8392842",0,0,0,0,0,0,0,0,1,0
08.05.2024,Запорізька,Запоріжжя,"35,1387097","47,8392842",0,0,0,0,0,0,0,0,1,0
08.05.2024,Запорізька,Запоріжжя,"35,1387097","47,8392842",0,0,0,0,0,0,0,0,1,0
08.05.2024,Запорізька,Запоріжжя,"35,1387097","47,8392842",0,0,0,0,0,0,0,0,1,0
08.05.2024,Запорізька,Запоріжжя,"35,1387097","47,8392842",0,0,0,0,0,0,0,0,1,0
09.05.2024,Миколаївська,Первомайськ,"30,8884315","48,0451251",1,0,0,1,0,0,0,0,1,0
09.05.2024,Херсонська,Берислав,"33,4273644","46,8433183",1,0,0,0,1,0,0,0,1,0
09.05.2024,Херсонська,Берислав,"33,4273644","46,8433183",1,0,0,0,1,0,0,0,0,0
09.05.2024,Харківська,Харків,"36,3073994","50,0020127",1,0,0,0,1,0,0,0,1,0
09.05.2024,Харківська,Харків,"36,3073994","50,0020127",1,0,0,0,1,0,0,0,0,0
09.05.2024,Харківська,Харків,"36,3073994","50,0020127",1,0,0,0,1,0,0,0,0,0
09.05.2024,Харківська,Харків,"36,3073994","50,0020127",1,0,0,0,1,0,0,0,0,0
09.05.2024,Харківська,Харків,"36,3073994","50,0020127",1,0,0,0,1,0,0,0,0,0
09.05.2024,Харківська,Харків,"36,3073994","50,0020127",1,0,0,0,1,0,0,0,0,0
09.05.2024,Харківська,Дергачі,"36,1155026","50,1097212",1,0,0,1,0,0,0,0,1,0
09.05.2024,Одеська,Одеса,"30,7306393","46,4702111",1,0,0,1,0,0,0,1,1,0
09.05.2024,Одеська,Одеса,"30,7306393","46,4702111",1,0,0,1,0,0,0,0,0,0
09.05.2024,Одеська,Одеса,"30,7306393","46,4702111",1,0,0,1,0,0,0,0,0,0
10.05.2024,Херсонська,Херсон,"32,616867","46,635417",1,0,0,0,1,0,1,0,1,0
10.05.2024,Херсонська,Херсон,"32,616867","46,635417",1,0,0,0,1,0,1,0,1,0
10.05.2024,Херсонська,Херсон,"32,616867","46,635417",1,0,0,0,1,0,1,0,0,0
10.05.2024,Херсонська,Херсон,"32,616867","46,635417",0,0,0,0,0,0,1,0,0,0
10.05.2024,Дніпропетровська,Дніпро,"35,046183","48,464717",1,1,0,0,0,0,0,0,0,1
10.05.2024,Харківська,Харків,"36,3073994","50,0020127",1,0,0,0,1,0,0,0,1,1
10.05.2024,Харківська,Харків,"36,3073994","50,0020127",1,0,0,0,1,0,0,0,0,0
10.05.2024,Харківська,Харків,"36,3073994","50,0020127",1,0,0,0,1,0,0,0,0,0
10.05.2024,Харківська,Харків,"36,3073994","50,0020127",1,0,0,0,1,0,0,0,0,0
10.05.2024,Харківська,Харків,"36,3073994","50,0020127",1,0,0,0,1,0,0,0,0,0
10.05.2024,Харківська,Харків,"36,3073994","50,0020127",1,0,0,0,1,0,0,0,0,0
10.05.2024,Харківська,Харків,"36,3073994","50,0020127",1,0,0,0,1,0,0,0,0,0
10.05.2024,Харківська,Харків,"36,3073994","50,0020127",1,0,0,0,1,0,0,0,0,0
10.05.2024,Харківська,Харків,"36,3073994","50,0020127",1,0,0,0,1,0,0,0,0,0
10.05.2024,Харківська,Харків,"36,3073994","50,0020127",1,0,0,0,1,0,0,0,0,0
11.05.2024,Харківська,Вовчанськ,"36,9329429","50,284234",1,0,0,0,1,1,1,1,1,0
11.05.2024,Харківська,Вовчанськ,"36,9329429","50,284234",1,0,0,0,1,1,1,0,0,0
11.05.2024,Харківська,Вовчанськ,"36,9329429","50,284234",1,0,0,0,1,1,1,0,0,0
11.05.2024,Харківська,Вовчанськ,"36,9329429","50,284234",1,0,0,0,1,0,1,0,0,0
11.05.2024,Харківська,Вовчанськ,"36,9329429","50,284234",1,0,0,0,1,0,1,0,0,0
11.05.2024,Харківська,Вовчанськ,"36,9329429","50,284234",1,0,0,0,1,0,1,0,0,0
11.05.2024,Харківська,Вовчанськ,"36,9329429","50,284234",1,0,0,0,1,0,0,0,0,0
11.05.2024,Харківська,Вовчанськ,"36,9329429","50,284234",1,0,0,0,1,0,0,0,0,0
11.05.2024,Харківська,Вовчанськ,"36,9329429","50,284234",1,0,0,0,1,0,0,0,0,0
11.05.2024,Харківська,Вовчанськ,"36,9329429","50,284234",1,0,0,0,1,0,0,0,0,0
11.05.2024,Харківська,Вовчанськ,"36,9329429","50,284234",1,0,0,0,1,0,0,0,0,0
11.05.2024,Харківська,Вовчанськ,"36,9329429","50,284234",1,0,0,0,1,0,0,0,0,0
11.05.2024,Харківська,Вовчанськ,"36,9329429","50,284234",1,0,0,0,1,0,0,0,0,0
11.05.2024,Харківська,Вовчанськ,"36,9329429","50,284234",1,0,0,0,1,0,0,0,0,0
11.05.2024,Харківська,Вовчанськ,"36,9329429","50,284234",1,0,0,0,1,0,0,0,0,0
11.05.2024,Харківська,Вовчанськ,"36,9329429","50,284234",1,0,0,0,1,0,0,0,0,0
11.05.2024,Харківська,Вовчанськ,"36,9329429","50,284234",1,0,0,0,1,0,0,0,0,0
11.05.2024,Харківська,Вовчанськ,"36,9329429","50,284234",1,0,0,0,1,0,0,0,0,0
11.05.2024,Харківська,Вовчанськ,"36,9329429","50,284234",1,0,0,0,1,0,0,0,0,0
11.05.2024,Харківська,Вовчанськ,"36,9329429","50,284234",1,0,0,0,1,0,0,0,0,0
11.05.2024,Харківська,Харків,"36,3073994","50,0020127",1,0,0,0,1,0,0,0,1,0
11.05.2024,Харківська,Харків,"36,3073994","50,0020127",1,0,0,0,1,0,0,0,0,0
11.05.2024,Харківська,Харків,"36,3073994","50,0020127",1,0,0,0,1,0,0,0,0,0
11.05.2024,Харківська,Харків,"36,3073994","50,0020127",1,0,0,0,1,0,0,0,0,0
11.05.2024,Харківська,Харків,"36,3073994","50,0020127",1,0,0,0,1,0,0,0,0,0
11.05.2024,Херсонська,Херсон,"32,616867","46,635417",1,0,0,0,1,1,1,0,1,0
11.05.2024,Херсонська,Херсон,"32,616867","46,635417",1,0,0,0,1,0,1,0,1,0
11.05.2024,Херсонська,Херсон,"32,616867","46,635417",0,0,0,0,0,0,1,0,1,0
11.05.2024,Херсонська,Херсон,"32,616867","46,635417",0,0,0,0,0,0,1,0,1,0
11.05.2024,Херсонська,Херсон,"32,616867","46,635417",0,0,0,0,0,0,1,0,1,0
11.05.2024,Дніпропетровська,Дніпро,"35,046183","48,464717",1,1,0,0,0,0,0,0,0,1
11.05.2024,Дніпропетровська,Дніпро,"35,046183","48,464717",0,0,0,0,0,0,0,0,0,1
12.05.2024,Харківська,Харків,"36,3073994","50,0020127",1,0,0,0,1,0,1,0,1,1
12.05.2024,Харківська,Харків,"36,3073994","50,0020127",1,0,0,0,1,0,1,0,0,0
12.05.2024,Харківська,Харків,"36,3073994","50,0020127",1,0,0,0,1,0,1,0,0,0
12.05.2024,Харківська,Харків,"36,3073994","50,0020127",1,0,0,0,1,0,1,0,0,0
12.05.2024,Харківська,Харків,"36,3073994","50,0020127",1,0,0,0,1,0,1,0,0,0
12.05.2024,Харківська,Харків,"36,3073994","50,0020127",1,0,0,0,1,0,1,0,0,0
12.05.2024,Харківська,Харків,"36,3073994","50,0020127",1,0,0,0,1,0,1,0,0,0
12.05.2024,Харківська,Харків,"36,3073994","50,0020127",1,0,0,0,1,0,1,0,0,0
12.05.2024,Харківська,Харків,"36,3073994","50,0020127",1,0,0,0,1,0,1,0,0,0
12.05.2024,Харківська,Харків,"36,3073994","50,0020127",1,0,0,0,1,0,0,0,0,0
12.05.2024,Харківська,Харків,"36,3073994","50,0020127",1,0,0,0,1,0,0,0,0,0
12.05.2024,Харківська,Харків,"36,3073994","50,0020127",1,0,0,0,1,0,0,0,0,0
12.05.2024,Харківська,Харків,"36,3073994","50,0020127",1,0,0,0,1,0,0,0,0,0
12.05.2024,Харківська,Харків,"36,3073994","50,0020127",1,0,0,0,1,0,0,0,0,0
12.05.2024,Харківська,Харків,"36,3073994","50,0020127",1,0,0,0,1,0,0,0,0,0
12.05.2024,Харківська,Харків,"36,3073994","50,0020127",1,0,0,0,1,0,0,0,0,0
12.05.2024,Харківська,Харків,"36,3073994","50,0020127",1,0,0,0,1,0,0,0,0,0
12.05.2024,Харківська,Харків,"36,3073994","50,0020127",1,0,0,0,1,0,0,0,0,0
12.05.2024,Харківська,Харків,"36,3073994","50,0020127",1,0,0,0,1,0,0,0,0,0
12.05.2024,Харківська,Харків,"36,3073994","50,0020127",1,0,0,0,1,0,0,0,0,0
13.05.2024,Одеська,Одеса,"30,7306393","46,4702111",1,1,0,0,0,0,0,1,0,0
13.05.2024,Харківська,Харків,"36,3073994","50,0020127",1,0,1,0,1,1,1,0,1,0
13.05.2024,Харківська,Харків,"36,3073994","50,0020127",1,0,1,0,1,0,1,0,1,0
13.05.2024,Харківська,Харків,"36,3073994","50,0020127",1,0,0,0,1,0,1,0,0,0
13.05.2024,Харківська,Харків,"36,3073994","50,0020127",1,0,0,0,1,0,1,0,0,0
13.05.2024,Харківська,Харків,"36,3073994","50,0020127",1,0,0,0,1,0,1,0,0,0
13.05.2024,Харківська,Харків,"36,3073994","50,0020127",1,0,0,0,1,0,1,0,0,0
13.05.2024,Харківська,Харків,"36,3073994","50,0020127",1,0,0,0,1,0,1,0,0,0
13.05.2024,Харківська,Харків,"36,3073994","50,0020127",1,0,0,0,1,0,1,0,0,0
13.05.2024,Харківська,Харків,"36,3073994","50,0020127",1,0,0,0,1,0,1,0,0,0
13.05.2024,Харківська,Харків,"36,3073994","50,0020127",1,0,0,0,1,0,1,0,0,0
13.05.2024,Харківська,Харків,"36,3073994","50,0020127",1,0,0,0,1,0,1,0,0,0
13.05.2024,Харківська,Харків,"36,3073994","50,0020127",1,0,0,0,1,0,1,0,0,0
13.05.2024,Харківська,Харків,"36,3073994","50,0020127",1,0,0,0,1,0,1,0,0,0
13.05.2024,Харківська,Харків,"36,3073994","50,0020127",1,0,0,0,1,0,0,0,0,0
13.05.2024,Харківська,Харків,"36,3073994","50,0020127",1,0,0,0,1,0,0,0,0,0
13.05.2024,Харківська,Харків,"36,3073994","50,0020127",1,0,0,0,1,0,0,0,0,0
13.05.2024,Харківська,Харків,"36,3073994","50,0020127",1,0,0,0,1,0,0,0,0,0
13.05.2024,Харківська,Харків,"36,3073994","50,0020127",1,0,0,0,1,0,0,0,0,0
13.05.2024,Харківська,Харків,"36,3073994","50,0020127",1,0,0,0,1,0,0,0,0,0
13.05.2024,Харківська,Харків,"36,3073994","50,0020127",1,0,0,0,1,0,0,0,0,0
13.05.2024,Харківська,Харків,"36,3073994","50,0020127",1,0,0,0,0,0,0,0,0,0
13.05.2024,Харківська,Харків,"36,3073994","50,0020127",1,0,0,0,0,0,0,0,0,0
13.05.2024,Херсонська,Херсон,"32,616867","46,635417",1,1,0,0,0,1,1,1,1,0
13.05.2024,Херсонська,Херсон,"32,616867","46,635417",1,1,0,0,0,0,1,0,0,0
13.05.2024,Херсонська,Херсон,"32,616867","46,635417",1,1,0,0,0,0,1,0,0,0
13.05.2024,Миколаївська,Вознесенськ,"31,336117","47,5605",1,1,0,0,0,0,0,0,1,0
22.10.2024,Донецька,Костянтинівка,"37,7075811","48,5239429",1,0,0,0,1,1,1,0,1,0
22.10.2024,Донецька,Костянтинівка,"37,7075811","48,5239429",0,0,0,0,0,1,1,0,1,0
22.10.2024,Донецька,Костянтинівка,"37,7075811","48,5239429",0,0,0,0,0,0,0,0,1,0
22.10.2024,Донецька,Костянтинівка,"37,7075811","48,5239429",0,0,0,0,0,0,0,0,1,0
22.10.2024,Донецька,Костянтинівка,"37,7075811","48,5239429",0,0,0,0,0,0,0,0,1,0
13.05.2024,Донецька,Селідове,"37,297136","48,1475145",1,0,1,0,0,0,0,0,1,0
13.05.2024,Донецька,Селідове,"37,297136","48,1475145",1,0,1,0,0,0,0,0,1,0
13.05.2024,Донецька,Селідове,"37,297136","48,1475145",0,0,0,0,0,0,0,0,1,0
14.05.2024,Харківська,Харків,"36,3073994","50,0020127",1,0,1,0,1,0,1,0,1,0
14.05.2024,Харківська,Харків,"36,3073994","50,0020127",1,0,0,0,1,0,1,0,1,0
14.05.2024,Харківська,Харків,"36,3073994","50,0020127",1,0,0,0,1,0,1,0,1,0
14.05.2024,Харківська,Харків,"36,3073994","50,0020127",1,0,0,0,1,0,1,0,1,0
14.05.2024,Харківська,Харків,"36,3073994","50,0020127",1,0,0,0,1,0,1,0,1,0
14.05.2024,Харківська,Харків,"36,3073994","50,0020127",1,0,0,0,1,0,1,0,1,0
14.05.2024,Харківська,Харків,"36,3073994","50,0020127",1,0,0,0,1,0,1,0,1,0
14.05.2024,Харківська,Харків,"36,3073994","50,0020127",1,0,0,0,0,0,1,0,1,0
14.05.2024,Харківська,Харків,"36,3073994","50,0020127",0,0,0,0,0,0,1,0,1,0
14.05.2024,Харківська,Харків,"36,3073994","50,0020127",0,0,0,0,0,0,1,0,1,0
14.05.2024,Харківська,Харків,"36,3073994","50,0020127",0,0,0,0,0,0,1,0,1,0
14.05.2024,Харківська,Харків,"36,3073994","50,0020127",0,0,0,0,0,0,1,0,1,0
14.05.2024,Харківська,Харків,"36,3073994","50,0020127",0,0,0,0,0,0,1,0,1,0
14.05.2024,Харківська,Харків,"36,3073994","50,0020127",0,0,0,0,0,0,1,0,1,0
14.05.2024,Харківська,Харків,"36,3073994","50,0020127",0,0,0,0,0,0,1,0,1,0
14.05.2024,Харківська,Харків,"36,3073994","50,0020127",0,0,0,0,0,0,1,0,0,0
14.05.2024,Харківська,Харків,"36,3073994","50,0020127",0,0,0,0,0,0,1,0,0,0
14.05.2024,Харківська,Харків,"36,3073994","50,0020127",0,0,0,0,0,0,1,0,0,0
14.05.2024,Харківська,Харків,"36,3073994","50,0020127",0,0,0,0,0,0,1,0,0,0
14.05.2024,Харківська,Харків,"36,3073994","50,0020127",0,0,0,0,0,0,1,0,0,0
14.05.2024,Харківська,Харків,"36,3073994","50,0020127",0,0,0,0,0,0,1,0,0,0
14.05.2024,Харківська,Харків,"36,3073994","50,0020127",0,0,0,0,0,0,1,0,0,0
14.05.2024,Харківська,Харків,"36,3073994","50,0020127",0,0,0,0,0,0,1,0,0,0
14.05.2024,Харківська,Харків,"36,3073994","50,0020127",0,0,0,0,0,0,1,0,0,0
14.05.2024,Харківська,Харків,"36,3073994","50,0020127",0,0,0,0,0,0,1,0,0,0
14.05.2024,Харківська,Харків,"36,3073994","50,0020127",0,0,0,0,0,0,1,0,0,0
14.05.2024,Харківська,Харків,"36,3073994","50,0020127",0,0,0,0,0,0,1,0,0,0
14.05.2024,Харківська,Харків,"36,3073994","50,0020127",0,0,0,0,0,0,1,0,0,0
14.05.2024,Харківська,Харків,"36,3073994","50,0020127",0,0,0,0,0,0,1,0,0,0
14.05.2024,Харківська,Харків,"36,3073994","50,0020127",0,0,0,0,0,0,1,0,0,0
14.05.2024,Харківська,Вовчанськ,"36,9329429","50,284234",1,0,0,0,1,0,0,1,1,1
14.05.2024,Харківська,Вовчанськ,"36,9329429","50,284234",1,0,0,0,1,0,0,0,0,0
14.05.2024,Харківська,Вовчанськ,"36,9329429","50,284234",1,0,0,0,1,0,0,0,0,0
14.05.2024,Харківська,Вовчанськ,"36,9329429","50,284234",1,0,0,0,1,0,0,0,0,0
14.05.2024,Харківська,Вовчанськ,"36,9329429","50,284234",1,0,0,0,1,0,0,0,0,0
14.05.2024,Харківська,Вовчанськ,"36,9329429","50,284234",1,0,0,0,1,0,0,0,0,0
14.05.2024,Харківська,Вовчанськ,"36,9329429","50,284234",1,0,0,0,1,0,0,0,0,0
14.05.2024,Харківська,Вовчанськ,"36,9329429","50,284234",1,0,0,0,1,0,0,0,0,0
14.05.2024,Харківська,Вовчанськ,"36,9329429","50,284234",1,0,0,0,1,0,0,0,0,0
14.05.2024,Харківська,Вовчанськ,"36,9329429","50,284234",1,0,0,0,1,0,0,0,0,0
15.05.2024,Миколаївська,Миколаїв,"32,003246","46,9660801",1,1,0,0,0,0,1,0,1,0
15.05.2024,Миколаївська,Миколаїв,"32,003246","46,9660801",1,1,0,0,0,0,1,0,1,0
15.05.2024,Миколаївська,Миколаїв,"32,003246","46,9660801",0,0,0,0,0,0,1,0,0,0
15.05.2024,Миколаївська,Миколаїв,"32,003246","46,9660801",0,0,0,0,0,0,1,0,0,0
15.05.2024,Миколаївська,Миколаїв,"32,003246","46,9660801",0,0,0,0,0,0,1,0,0,0
15.05.2024,Миколаївська,Миколаїв,"32,003246","46,9660801",0,0,0,0,0,0,1,0,0,0
15.05.2024,Миколаївська,Миколаїв,"32,003246","46,9660801",0,0,0,0,0,0,1,0,0,0
15.05.2024,Харківська,Харків,"36,3073994","50,0020127",1,0,1,0,1,0,1,0,1,0
15.05.2024,Харківська,Харків,"36,3073994","50,0020127",1,0,0,0,1,0,1,0,1,0
15.05.2024,Харківська,Харків,"36,3073994","50,0020127",1,0,0,0,0,0,1,0,0,0
15.05.2024,Харківська,Харків,"36,3073994","50,0020127",0,0,0,0,0,0,1,0,0,0
15.05.2024,Харківська,Харків,"36,3073994","50,0020127",0,0,0,0,0,0,1,0,0,0
15.05.2024,Харківська,Харків,"36,3073994","50,0020127",0,0,0,0,0,0,1,0,0,0
15.05.2024,Херсонська,Херсон,"32,616867","46,635417",1,0,0,0,1,0,1,0,1,1
15.05.2024,Херсонська,Херсон,"32,616867","46,635417",1,0,0,0,1,0,1,0,1,1
15.05.2024,Херсонська,Херсон,"32,616867","46,635417",0,0,0,0,0,0,1,0,1,1
15.05.2024,Херсонська,Херсон,"32,616867","46,635417",0,0,0,0,0,0,1,0,1,1
15.05.2024,Херсонська,Херсон,"32,616867","46,635417",0,0,0,0,0,0,1,0,1,1
15.05.2024,Херсонська,Херсон,"32,616867","46,635417",0,0,0,0,0,0,1,0,1,1
15.05.2024,Херсонська,Херсон,"32,616867","46,635417",0,0,0,0,0,0,1,0,1,1
15.05.2024,Херсонська,Херсон,"32,616867","46,635417",0,0,0,0,0,0,1,0,1,1
15.05.2024,Херсонська,Херсон,"32,616867","46,635417",0,0,0,0,0,0,1,0,1,1
15.05.2024,Херсонська,Херсон,"32,616867","46,635417",0,0,0,0,0,0,1,0,0,1
15.05.2024,Херсонська,Херсон,"32,616867","46,635417",0,0,0,0,0,0,1,0,0,1
15.05.2024,Херсонська,Херсон,"32,616867","46,635417",0,0,0,0,0,0,1,0,0,1
15.05.2024,Херсонська,Херсон,"32,616867","46,635417",0,0,0,0,0,0,1,0,0,1
15.05.2024,Херсонська,Херсон,"32,616867","46,635417",0,0,0,0,0,0,1,0,0,1
15.05.2024,Херсонська,Херсон,"32,616867","46,635417",0,0,0,0,0,0,1,0,0,1
15.05.2024,Херсонська,Херсон,"32,616867","46,635417",0,0,0,0,0,0,1,0,0,1
15.05.2024,Херсонська,Херсон,"32,616867","46,635417",0,0,0,0,0,0,1,0,0,1
15.05.2024,Херсонська,Херсон,"32,616867","46,635417",0,0,0,0,0,0,1,0,0,1
15.05.2024,Херсонська,Херсон,"32,616867","46,635417",0,0,0,0,0,0,1,0,0,0
15.05.2024,Херсонська,Херсон,"32,616867","46,635417",0,0,0,0,0,0,1,0,0,0
15.05.2024,Полтавська,Миргород,"33,6053331","49,9627279",1,0,1,0,0,0,0,0,1,0
15.05.2024,Дніпропетровська,Дніпро,"35,046183","48,464717",1,1,0,0,0,1,1,1,1,0
15.05.2024,Дніпропетровська,Дніпро,"35,046183","48,464717",0,0,0,0,0,1,0,0,1,0
15.05.2024,Дніпропетровська,Дніпро,"35,046183","48,464717",0,0,0,0,0,0,0,0,1,0
15.05.2024,Дніпропетровська,Дніпро,"35,046183","48,464717",0,0,0,0,0,0,0,0,1,0
15.05.2024,Дніпропетровська,Дніпро,"35,046183","48,464717",0,0,0,0,0,0,0,0,1,0
15.05.2024,Дніпропетровська,Дніпро,"35,046183","48,464717",0,0,0,0,0,0,0,0,1,0
15.05.2024,Дніпропетровська,Дніпро,"35,046183","48,464717",0,0,0,0,0,0,0,0,1,0
15.05.2024,Дніпропетровська,Дніпро,"35,046183","48,464717",0,0,0,0,0,0,0,0,1,0
15.05.2024,Дніпропетровська,Дніпро,"35,046183","48,464717",0,0,0,0,0,0,0,0,1,0
15.05.2024,Дніпропетровська,Дніпро,"35,046183","48,464717",0,0,0,0,0,0,0,0,1,0
15.05.2024,Дніпропетровська,Дніпро,"35,046183","48,464717",0,0,0,0,0,0,0,0,1,0
15.05.2024,Дніпропетровська,Дніпро,"35,046183","48,464717",0,0,0,0,0,0,0,0,1,0
15.05.2024,Дніпропетровська,Дніпро,"35,046183","48,464717",0,0,0,0,0,0,0,0,1,0
16.05.2024,Харківська,Чугуїв,"36,6813122","49,8363158",1,0,1,0,0,0,1,0,1,0
16.05.2024,Харківська,Чугуїв,"36,6813122","49,8363158",0,0,0,0,0,0,1,0,0,0
16.05.2024,Харківська,Вовчанськ,"36,9329429","50,284234",1,0,0,0,1,0,1,0,1,1
16.05.2024,Харківська,Вовчанськ,"36,9329429","50,284234",1,0,0,0,1,0,1,0,0,0
16.05.2024,Харківська,Вовчанськ,"36,9329429","50,284234",1,0,0,0,1,0,1,0,0,0
16.05.2024,Харківська,Вовчанськ,"36,9329429","50,284234",1,0,0,0,1,0,1,0,0,0
16.05.2024,Харківська,Вовчанськ,"36,9329429","50,284234",1,0,0,0,1,0,1,0,0,0
16.05.2024,Харківська,Вовчанськ,"36,9329429","50,284234",1,0,0,0,1,0,1,0,0,0
16.05.2024,Харківська,Вовчанськ,"36,9329429","50,284234",1,0,0,0,1,0,1,0,0,0
16.05.2024,Харківська,Вовчанськ,"36,9329429","50,284234",1,0,0,0,1,0,1,0,0,0
16.05.2024,Харківська,Вовчанськ,"36,9329429","50,284234",1,0,0,0,1,0,1,0,0,0
16.05.2024,Харківська,Вовчанськ,"36,9329429","50,284234",1,0,0,0,1,0,1,0,0,0
16.05.2024,Харківська,Вовчанськ,"36,9329429","50,284234",1,0,0,0,1,0,0,0,0,0
16.05.2024,Харківська,Вовчанськ,"36,9329429","50,284234",1,0,0,0,1,0,0,0,0,0
16.05.2024,Харківська,Вовчанськ,"36,9329429","50,284234",1,0,0,0,1,0,0,0,0,0
16.05.2024,Харківська,Вовчанськ,"36,9329429","50,284234",1,0,0,0,1,0,0,0,0,0
16.05.2024,Харківська,Вовчанськ,"36,9329429","50,284234",1,0,0,0,1,0,0,0,0,0
16.05.2024,Харківська,Вовчанськ,"36,9329429","50,284234",1,0,0,0,1,0,0,0,0,0
16.05.2024,Харківська,Вовчанськ,"36,9329429","50,284234",1,0,0,0,1,0,0,0,0,0
16.05.2024,Харківська,Вовчанськ,"36,9329429","50,284234",1,0,0,0,1,0,0,0,0,0
16.05.2024,Харківська,Вовчанськ,"36,9329429","50,284234",1,0,0,0,1,0,0,0,0,0
16.05.2024,Харківська,Вовчанськ,"36,9329429","50,284234",1,0,0,0,1,0,0,0,0,0
17.05.2024,Одеська,Одеса,"30,7306393","46,4702111",1,1,1,0,0,1,1,0,1,0
17.05.2024,Одеська,Одеса,"30,7306393","46,4702111",1,1,1,0,0,0,1,0,0,0
17.05.2024,Одеська,Одеса,"30,7306393","46,4702111",1,1,1,0,0,0,1,0,0,0
17.05.2024,Одеська,Одеса,"30,7306393","46,4702111",1,0,0,0,0,0,1,0,0,0
17.05.2024,Одеська,Одеса,"30,7306393","46,4702111",1,0,0,0,0,0,1,0,0,0
17.05.2024,Одеська,Одеса,"30,7306393","46,4702111",1,0,0,0,0,0,0,0,0,0
17.05.2024,Харківська,Харків,"36,3073994","50,0020127",1,0,1,1,0,1,1,0,1,0
17.05.2024,Харківська,Харків,"36,3073994","50,0020127",1,0,1,1,0,1,1,0,0,0
17.05.2024,Харківська,Харків,"36,3073994","50,0020127",1,0,1,1,0,1,1,0,0,0
17.05.2024,Харківська,Харків,"36,3073994","50,0020127",1,0,0,1,0,1,1,0,0,0
17.05.2024,Харківська,Харків,"36,3073994","50,0020127",1,0,0,1,0,0,1,0,0,0
17.05.2024,Харківська,Харків,"36,3073994","50,0020127",1,0,0,1,0,0,1,0,0,0
17.05.2024,Харківська,Харків,"36,3073994","50,0020127",1,0,0,1,0,0,1,0,0,0
17.05.2024,Харківська,Харків,"36,3073994","50,0020127",1,0,0,0,0,0,1,0,0,0
17.05.2024,Харківська,Харків,"36,3073994","50,0020127",1,0,0,0,0,0,1,0,0,0
17.05.2024,Харківська,Харків,"36,3073994","50,0020127",1,0,0,0,0,0,1,0,0,0
17.05.2024,Харківська,Харків,"36,3073994","50,0020127",0,0,0,0,0,0,1,0,0,0
17.05.2024,Харківська,Харків,"36,3073994","50,0020127",0,0,0,0,0,0,1,0,0,0
17.05.2024,Харківська,Харків,"36,3073994","50,0020127",0,0,0,0,0,0,1,0,0,0
17.05.2024,Харківська,Харків,"36,3073994","50,0020127",0,0,0,0,0,0,1,0,0,0
17.05.2024,Харківська,Харків,"36,3073994","50,0020127",0,0,0,0,0,0,1,0,0,0
17.05.2024,Харківська,Харків,"36,3073994","50,0020127",0,0,0,0,0,0,1,0,0,0
17.05.2024,Харківська,Харків,"36,3073994","50,0020127",0,0,0,0,0,0,1,0,0,0
17.05.2024,Харківська,Харків,"36,3073994","50,0020127",0,0,0,0,0,0,1,0,0,0
17.05.2024,Харківська,Харків,"36,3073994","50,0020127",0,0,0,0,0,0,1,0,0,0
17.05.2024,Харківська,Харків,"36,3073994","50,0020127",0,0,0,0,0,0,1,0,0,0
17.05.2024,Харківська,Харків,"36,3073994","50,0020127",0,0,0,0,0,0,1,0,0,0
17.05.2024,Харківська,Харків,"36,3073994","50,0020127",0,0,0,0,0,0,1,0,0,0
17.05.2024,Харківська,Харків,"36,3073994","50,0020127",0,0,0,0,0,0,1,0,0,0
17.05.2024,Харківська,Харків,"36,3073994","50,0020127",0,0,0,0,0,0,1,0,0,0
17.05.2024,Харківська,Харків,"36,3073994","50,0020127",0,0,0,0,0,0,1,0,0,0
17.05.2024,Харківська,Харків,"36,3073994","50,0020127",0,0,0,0,0,0,1,0,0,0
17.05.2024,Харківська,Харків,"36,3073994","50,0020127",0,0,0,0,0,0,1,0,0,0
17.05.2024,Харківська,Харків,"36,3073994","50,0020127",0,0,0,0,0,0,1,0,0,0
17.05.2024,Харківська,Харків,"36,3073994","50,0020127",0,0,0,0,0,0,1,0,0,0
17.05.2024,Харківська,Харків,"36,3073994","50,0020127",0,0,0,0,0,0,1,0,0,0
17.05.2024,Харківська,Вовчанськ,"36,9329429","50,284234",1,0,1,0,1,0,0,0,1,1
17.05.2024,Харківська,Вовчанськ,"36,9329429","50,284234",1,0,1,0,1,0,0,0,0,0
17.05.2024,Харківська,Вовчанськ,"36,9329429","50,284234",1,0,1,0,1,0,0,0,0,0
17.05.2024,Харківська,Вовчанськ,"36,9329429","50,284234",1,0,1,0,1,0,0,0,0,0
17.05.2024,Харківська,Вовчанськ,"36,9329429","50,284234",1,0,1,0,1,0,0,0,0,0
17.05.2024,Харківська,Вовчанськ,"36,9329429","50,284234",1,0,0,0,1,0,0,0,0,0
17.05.2024,Харківська,Вовчанськ,"36,9329429","50,284234",1,0,0,0,1,0,0,0,0,0
17.05.2024,Харківська,Вовчанськ,"36,9329429","50,284234",1,0,0,0,1,0,0,0,0,0
17.05.2024,Харківська,Вовчанськ,"36,9329429","50,284234",1,0,0,0,1,0,0,0,0,0
17.05.2024,Харківська,Вовчанськ,"36,9329429","50,284234",1,0,0,0,1,0,0,0,0,0
17.05.2024,Харківська,Вовчанськ,"36,9329429","50,284234",1,0,0,0,1,0,0,0,0,0
17.05.2024,Харківська,Вовчанськ,"36,9329429","50,284234",1,0,0,0,1,0,0,0,0,0
17.05.2024,Харківська,Вовчанськ,"36,9329429","50,284234",1,0,0,0,1,0,0,0,0,0
17.05.2024,Харківська,Вовчанськ,"36,9329429","50,284234",1,0,0,0,1,0,0,0,0,0
17.05.2024,Харківська,Вовчанськ,"36,9329429","50,284234",1,0,0,0,1,0,0,0,0,0
17.05.2024,Харківська,Вовчанськ,"36,9329429","50,284234",1,0,0,0,1,0,0,0,0,0
17.05.2024,Харківська,Вовчанськ,"36,9329429","50,284234",1,0,0,0,1,0,0,0,0,0
17.05.2024,Харківська,Вовчанськ,"36,9329429","50,284234",1,0,0,0,1,0,0,0,0,0
17.05.2024,Харківська,Вовчанськ,"36,9329429","50,284234",1,0,0,0,1,0,0,0,0,0
17.05.2024,Харківська,Вовчанськ,"36,9329429","50,284234",1,0,0,0,1,0,0,0,0,0
17.05.2024,Харківська,Вовчанськ,"36,9329429","50,284234",1,0,0,0,1,0,0,0,0,0
17.05.2024,Харківська,Вовчанськ,"36,9329429","50,284234",1,0,0,0,1,0,0,0,0,0
17.05.2024,Харківська,Вовчанськ,"36,9329429","50,284234",1,0,0,0,1,0,0,0,0,0
17.05.2024,Харківська,Вовчанськ,"36,9329429","50,284234",1,0,0,0,1,0,0,0,0,0
17.05.2024,Харківська,Вовчанськ,"36,9329429","50,284234",1,0,0,0,1,0,0,0,0,0
17.05.2024,Харківська,Вовчанськ,"36,9329429","50,284234",1,0,0,0,0,0,0,0,0,0
17.05.2024,Харківська,Вовчанськ,"36,9329429","50,284234",1,0,0,0,0,0,0,0,0,0
17.05.2024,Харківська,Вовчанськ,"36,9329429","50,284234",1,0,0,0,0,0,0,0,0,0
17.05.2024,Харківська,Вовчанськ,"36,9329429","50,284234",1,0,0,0,0,0,0,0,0,0
17.05.2024,Харківська,Вовчанськ,"36,9329429","50,284234",1,0,0,0,0,0,0,0,0,0
17.05.2024,Херсонська,Херсон,"32,616867","46,635417",1,0,0,0,1,1,1,0,1,0
17.05.2024,Херсонська,Херсон,"32,616867","46,635417",1,0,0,0,1,0,1,0,1,0
17.05.2024,Херсонська,Херсон,"32,616867","46,635417",1,0,0,0,1,0,1,0,1,0
17.05.2024,Херсонська,Херсон,"32,616867","46,635417",0,0,0,0,0,0,0,0,1,0
17.05.2024,Херсонська,Херсон,"32,616867","46,635417",0,0,0,0,0,0,0,0,1,0
17.05.2024,Херсонська,Херсон,"32,616867","46,635417",0,0,0,0,0,0,0,0,1,0
17.05.2024,Херсонська,Херсон,"32,616867","46,635417",0,0,0,0,0,0,0,0,1,0
18.05.2024,Харківська,Харків,"36,3073994","50,0020127",1,0,0,0,1,0,1,0,1,0
18.05.2024,Харківська,Харків,"36,3073994","50,0020127",1,0,0,0,1,0,1,0,0,0
18.05.2024,Харківська,Харків,"36,3073994","50,0020127",0,0,0,0,0,0,1,0,0,0
18.05.2024,Харківська,Харків,"36,3073994","50,0020127",0,0,0,0,0,0,1,0,0,0
18.05.2024,Харківська,Харків,"36,3073994","50,0020127",0,0,0,0,0,0,1,0,0,0
18.05.2024,Харківська,Харків,"36,3073994","50,0020127",0,0,0,0,0,0,1,0,0,0
18.05.2024,Харківська,Харків,"36,3073994","50,0020127",0,0,0,0,0,0,1,0,0,0
18.05.2024,Харківська,Вовчанськ,"36,9329429","50,284234",1,0,0,0,1,0,0,0,0,1
18.05.2024,Харківська,Вовчанськ,"36,9329429","50,284234",1,0,0,0,1,0,0,0,0,0
18.05.2024,Харківська,Вовчанськ,"36,9329429","50,284234",1,0,0,0,1,0,0,0,0,0
18.05.2024,Харківська,Вовчанськ,"36,9329429","50,284234",1,0,0,0,1,0,0,0,0,0
18.05.2024,Харківська,Вовчанськ,"36,9329429","50,284234",1,0,0,0,1,0,0,0,0,0
18.05.2024,Харківська,Вовчанськ,"36,9329429","50,284234",1,0,0,0,1,0,0,0,0,0
18.05.2024,Харківська,Вовчанськ,"36,9329429","50,284234",1,0,0,0,1,0,0,0,0,0
18.05.2024,Харківська,Вовчанськ,"36,9329429","50,284234",1,0,0,0,1,0,0,0,0,0
18.05.2024,Харківська,Вовчанськ,"36,9329429","50,284234",1,0,0,0,1,0,0,0,0,0
18.05.2024,Харківська,Вовчанськ,"36,9329429","50,284234",1,0,0,0,1,0,0,0,0,0
18.05.2024,Харківська,Вовчанськ,"36,9329429","50,284234",1,0,0,0,1,0,0,0,0,0
18.05.2024,Харківська,Вовчанськ,"36,9329429","50,284234",1,0,0,0,1,0,0,0,0,0
18.05.2024,Харківська,Вовчанськ,"36,9329429","50,284234",1,0,0,0,1,0,0,0,0,0
18.05.2024,Харківська,Вовчанськ,"36,9329429","50,284234",1,0,0,0,1,0,0,0,0,0
18.05.2024,Харківська,Вовчанськ,"36,9329429","50,284234",1,0,0,0,1,0,0,0,0,0
18.05.2024,Харківська,Вовчанськ,"36,9329429","50,284234",1,0,0,0,1,0,0,0,0,0
18.05.2024,Харківська,Вовчанськ,"36,9329429","50,284234",1,0,0,0,1,0,0,0,0,0
18.05.2024,Харківська,Вовчанськ,"36,9329429","50,284234",1,0,0,0,1,0,0,0,0,0
18.05.2024,Харківська,Вовчанськ,"36,9329429","50,284234",1,0,0,0,1,0,0,0,0,0
18.05.2024,Харківська,Вовчанськ,"36,9329429","50,284234",1,0,0,0,1,0,0,0,0,0
19.05.2024,Харківська,Харків,"36,3073994","50,0020127",1,0,1,0,1,0,1,0,1,0
19.05.2024,Харківська,Харків,"36,3073994","50,0020127",1,0,1,0,1,0,1,0,1,0
19.05.2024,Харківська,Харків,"36,3073994","50,0020127",1,0,0,0,0,0,1,0,1,0
19.05.2024,Харківська,Харків,"36,3073994","50,0020127",1,0,0,0,0,0,1,0,1,0
19.05.2024,Харківська,Харків,"36,3073994","50,0020127",0,0,0,0,0,0,1,0,1,0
19.05.2024,Харківська,Харків,"36,3073994","50,0020127",0,0,0,0,0,0,1,0,1,0
19.05.2024,Харківська,Харків,"36,3073994","50,0020127",0,0,0,0,0,0,1,0,1,0
19.05.2024,Харківська,Харків,"36,3073994","50,0020127",0,0,0,0,0,0,1,0,0,0
19.05.2024,Харківська,Харків,"36,3073994","50,0020127",0,0,0,0,0,0,1,0,0,0
19.05.2024,Харківська,Харків,"36,3073994","50,0020127",0,0,0,0,0,0,1,0,0,0
19.05.2024,Харківська,Харків,"36,3073994","50,0020127",0,0,0,0,0,0,1,0,0,0
19.05.2024,Харківська,Харків,"36,3073994","50,0020127",0,0,0,0,0,0,1,0,0,0
19.05.2024,Харківська,Харків,"36,3073994","50,0020127",0,0,0,0,0,0,1,0,0,0
19.05.2024,Харківська,Харків,"36,3073994","50,0020127",0,0,0,0,0,0,1,0,0,0
19.05.2024,Харківська,Харків,"36,3073994","50,0020127",0,0,0,0,0,0,1,0,0,0
19.05.2024,Харківська,Харків,"36,3073994","50,0020127",0,0,0,0,0,0,1,0,0,0
19.05.2024,Харківська,Вовчанськ,"36,9329429","50,284234",1,0,0,0,1,0,0,0,0,1
19.05.2024,Харківська,Вовчанськ,"36,9329429","50,284234",1,0,0,0,1,0,0,0,0,0
19.05.2024,Харківська,Вовчанськ,"36,9329429","50,284234",1,0,0,0,1,0,0,0,0,0
19.05.2024,Харківська,Вовчанськ,"36,9329429","50,284234",1,0,0,0,1,0,0,0,0,0
19.05.2024,Харківська,Вовчанськ,"36,9329429","50,284234",1,0,0,0,1,0,0,0,0,0
19.05.2024,Харківська,Вовчанськ,"36,9329429","50,284234",1,0,0,0,1,0,0,0,0,0
19.05.2024,Харківська,Вовчанськ,"36,9329429","50,284234",1,0,0,0,1,0,0,0,0,0
19.05.2024,Харківська,Вовчанськ,"36,9329429","50,284234",1,0,0,0,1,0,0,0,0,0
19.05.2024,Харківська,Вовчанськ,"36,9329429","50,284234",1,0,0,0,1,0,0,0,0,0
19.05.2024,Харківська,Вовчанськ,"36,9329429","50,284234",1,0,0,0,1,0,0,0,0,0
19.05.2024,Харківська,Куп'янськ,"37,6027997","49,7055574",1,0,1,0,0,1,1,0,1,0
19.05.2024,Харківська,Куп'янськ,"37,6027997","49,7055574",0,0,0,0,0,1,1,0,0,0
19.05.2024,Харківська,Куп'янськ,"37,6027997","49,7055574",0,0,0,0,0,1,1,0,0,0
19.05.2024,Харківська,Куп'янськ,"37,6027997","49,7055574",0,0,0,0,0,1,1,0,0,0
19.05.2024,Харківська,Куп'янськ,"37,6027997","49,7055574",0,0,0,0,0,1,1,0,0,0
19.05.2024,Харківська,Куп'янськ,"37,6027997","49,7055574",0,0,0,0,0,0,1,0,0,0
19.05.2024,Харківська,Куп'янськ,"37,6027997","49,7055574",0,0,0,0,0,0,1,0,0,0
19.05.2024,Харківська,Куп'янськ,"37,6027997","49,7055574",0,0,0,0,0,0,1,0,0,0
19.05.2024,Харківська,Куп'янськ,"37,6027997","49,7055574",0,0,0,0,0,0,1,0,0,0
20.05.2024,Харківська,Харків,"36,3073994","50,0020127",1,0,0,0,1,0,0,0,0,1
20.05.2024,Харківська,Харків,"36,3073994","50,0020127",1,0,0,0,1,0,0,0,0,0
20.05.2024,Харківська,Харків,"36,3073994","50,0020127",1,0,0,0,1,0,0,0,0,0
20.05.2024,Харківська,Харків,"36,3073994","50,0020127",1,0,0,0,1,0,0,0,0,0
20.05.2024,Харківська,Харків,"36,3073994","50,0020127",1,0,0,0,1,0,0,0,0,0
20.05.2024,Харківська,Харків,"36,3073994","50,0020127",1,0,0,0,1,0,0,0,0,0
20.05.2024,Харківська,Харків,"36,3073994","50,0020127",1,0,0,0,1,0,0,0,0,0
20.05.2024,Харківська,Харків,"36,3073994","50,0020127",1,0,0,0,1,0,0,0,0,0
20.05.2024,Харківська,Харків,"36,3073994","50,0020127",1,0,0,0,1,0,0,0,0,0
20.05.2024,Харківська,Харків,"36,3073994","50,0020127",1,0,0,0,1,0,0,0,0,0
20.05.2024,Херсонська,Херсон,"32,616867","46,635417",1,0,0,0,1,1,1,0,1,0
20.05.2024,Херсонська,Херсон,"32,616867","46,635417",1,0,0,0,1,1,1,0,1,0
20.05.2024,Херсонська,Херсон,"32,616867","46,635417",0,0,0,0,0,0,0,0,1,0
20.05.2024,Херсонська,Херсон,"32,616867","46,635417",0,0,0,0,0,0,0,0,1,0
20.05.2024,Херсонська,Херсон,"32,616867","46,635417",0,0,0,0,0,0,0,0,1,0
20.05.2024,Одеська,Одеса,"30,7306393","46,4702111",1,0,0,1,0,0,0,0,0,1
21.05.2024,Харківська,Харків,"36,3073994","50,0020127",1,0,0,1,0,0,0,0,1,0
21.05.2024,Харківська,Харків,"36,3073994","50,0020127",1,0,0,1,0,0,0,0,1,0
21.05.2024,Харківська,Харків,"36,3073994","50,0020127",1,0,0,1,0,0,0,0,1,0
21.05.2024,Харківська,Харків,"36,3073994","50,0020127",1,0,0,1,0,0,0,0,0,0
21.05.2024,Харківська,Харків,"36,3073994","50,0020127",1,0,0,1,0,0,0,0,0,0
21.05.2024,Харківська,Золочів,"35,9760431","50,2690697",1,0,0,0,1,0,0,0,1,1
21.05.2024,Харківська,Золочів,"35,9760431","50,2690697",1,0,0,0,1,0,0,0,1,0
21.05.2024,Харківська,Золочів,"35,9760431","50,2690697",1,0,0,0,1,0,0,0,0,0
21.05.2024,Харківська,Золочів,"35,9760431","50,2690697",1,0,0,0,1,0,0,0,0,0
21.05.2024,Харківська,Золочів,"35,9760431","50,2690697",1,0,0,0,1,0,0,0,0,0
21.05.2024,Херсонська,Херсон,"32,616867","46,635417",1,0,0,0,1,1,1,0,1,0
21.05.2024,Херсонська,Херсон,"32,616867","46,635417",1,0,0,0,1,0,1,0,1,0
21.05.2024,Херсонська,Херсон,"32,616867","46,635417",0,0,0,0,0,0,1,0,1,0
21.05.2024,Херсонська,Херсон,"32,616867","46,635417",0,0,0,0,0,0,0,0,1,0
21.05.2024,Херсонська,Херсон,"32,616867","46,635417",0,0,0,0,0,0,0,0,1,0
21.05.2024,Херсонська,Херсон,"32,616867","46,635417",0,0,0,0,0,0,0,0,1,0
21.05.2024,Херсонська,Херсон,"32,616867","46,635417",0,0,0,0,0,0,0,0,1,0
21.05.2024,Херсонська,Берислав,"33,4273644","46,8433183",1,0,0,0,1,1,1,0,1,0
21.05.2024,Херсонська,Берислав,"33,4273644","46,8433183",1,0,0,0,1,0,1,0,1,0
21.05.2024,Херсонська,Берислав,"33,4273644","46,8433183",0,0,0,0,0,0,1,0,1,0
21.05.2024,Херсонська,Берислав,"33,4273644","46,8433183",0,0,0,0,0,0,1,0,1,0
21.05.2024,Херсонська,Берислав,"33,4273644","46,8433183",0,0,0,0,0,0,1,0,1,0
21.05.2024,Херсонська,Берислав,"33,4273644","46,8433183",0,0,0,0,0,0,0,0,1,0
21.05.2024,Сумська,Конотоп,"33,2050521","51,2409432",1,0,1,0,0,0,1,0,1,0
20.11.2024,Донецька,Костянтинівка,"37,7075811","48,5239429",1,0,0,0,1,0,1,0,1,0
20.11.2024,Донецька,Костянтинівка,"37,7075811","48,5239429",0,0,0,0,0,0,1,0,1,0
20.11.2024,Донецька,Костянтинівка,"37,7075811","48,5239429",0,0,0,0,0,0,1,0,1,0
20.11.2024,Донецька,Костянтинівка,"37,7075811","48,5239429",0,0,0,0,0,0,1,0,1,0
20.11.2024,Донецька,Костянтинівка,"37,7075811","48,5239429",0,0,0,0,0,0,1,0,1,0
20.11.2024,Донецька,Костянтинівка,"37,7075811","48,5239429",0,0,0,0,0,0,1,0,1,0
20.11.2024,Донецька,Костянтинівка,"37,7075811","48,5239429",0,0,0,0,0,0,0,0,1,0
20.11.2024,Донецька,Костянтинівка,"37,7075811","48,5239429",0,0,0,0,0,0,0,0,1,0
20.11.2024,Донецька,Костянтинівка,"37,7075811","48,5239429",0,0,0,0,0,0,0,0,1,0
20.11.2024,Донецька,Костянтинівка,"37,7075811","48,5239429",0,0,0,0,0,0,0,0,1,0
20.11.2024,Донецька,Костянтинівка,"37,7075811","48,5239429",0,0,0,0,0,0,0,0,1,0
20.11.2024,Донецька,Костянтинівка,"37,7075811","48,5239429",0,0,0,0,0,0,0,0,1,0
20.11.2024,Донецька,Костянтинівка,"37,7075811","48,5239429",0,0,0,0,0,0,0,0,1,0
22.05.2024,Харківська,Чугуїв,"36,6813122","49,8363158",1,0,1,0,0,0,1,0,1,1
22.05.2024,Харківська,Чугуїв,"36,6813122","49,8363158",0,0,0,0,0,0,1,0,0,0
22.05.2024,Харківська,Чугуїв,"36,6813122","49,8363158",0,0,0,0,0,0,1,0,0,0
22.05.2024,Харківська,Чугуїв,"36,6813122","49,8363158",0,0,0,0,0,0,1,0,0,0
22.05.2024,Харківська,Чугуїв,"36,6813122","49,8363158",0,0,0,0,0,0,1,0,0,0
22.05.2024,Харківська,Чугуїв,"36,6813122","49,8363158",0,0,0,0,0,0,1,0,0,0
22.05.2024,Харківська,Чугуїв,"36,6813122","49,8363158",0,0,0,0,0,0,1,0,0,0
22.05.2024,Сумська,Шостка,"33,4966152","51,8757044",1,0,0,1,0,0,0,1,0,0
22.05.2024,Сумська,Конотоп,"33,2050521","51,2409432",1,0,0,1,0,0,0,1,0,0
22.05.2024,Харківська,Харків,"36,3073994","50,0020127",1,0,0,0,1,0,1,0,1,0
22.05.2024,Харківська,Харків,"36,3073994","50,0020127",1,0,0,0,1,0,1,0,0,0
22.05.2024,Харківська,Харків,"36,3073994","50,0020127",0,0,0,0,0,0,1,0,0,0
22.05.2024,Харківська,Харків,"36,3073994","50,0020127",0,0,0,0,0,0,1,0,0,0
22.05.2024,Харківська,Харків,"36,3073994","50,0020127",0,0,0,0,0,0,1,0,0,0
22.05.2024,Харківська,Харків,"36,3073994","50,0020127",0,0,0,0,0,0,1,0,0,0
22.05.2024,Харківська,Харків,"36,3073994","50,0020127",0,0,0,0,0,0,1,0,0,0
22.05.2024,Харківська,Харків,"36,3073994","50,0020127",0,0,0,0,0,0,1,0,0,0
22.05.2024,Дніпропетровська,Дніпро,"35,046183","48,464717",1,0,1,0,0,0,0,0,0,1
23.05.2024,Харківська,Харків,"36,3073994","50,0020127",1,0,1,0,1,1,1,0,1,0
23.05.2024,Харківська,Харків,"36,3073994","50,0020127",1,0,1,0,1,1,1,0,1,0
23.05.2024,Харківська,Харків,"36,3073994","50,0020127",1,0,1,0,0,1,1,0,1,0
23.05.2024,Харківська,Харків,"36,3073994","50,0020127",1,0,1,0,0,1,1,0,0,0
23.05.2024,Харківська,Харків,"36,3073994","50,0020127",1,0,1,0,0,1,1,0,0,0
23.05.2024,Харківська,Харків,"36,3073994","50,0020127",1,0,1,0,0,1,1,0,0,0
23.05.2024,Харківська,Харків,"36,3073994","50,0020127",1,0,1,0,0,1,1,0,0,0
23.05.2024,Харківська,Харків,"36,3073994","50,0020127",1,0,1,0,0,0,1,0,0,0
23.05.2024,Харківська,Харків,"36,3073994","50,0020127",1,0,1,0,0,0,1,0,0,0
23.05.2024,Харківська,Харків,"36,3073994","50,0020127",1,0,1,0,0,0,1,0,0,0
23.05.2024,Харківська,Харків,"36,3073994","50,0020127",1,0,1,0,0,0,1,0,0,0
23.05.2024,Харківська,Харків,"36,3073994","50,0020127",1,0,0,0,0,0,1,0,0,0
23.05.2024,Харківська,Харків,"36,3073994","50,0020127",1,0,0,0,0,0,1,0,0,0
23.05.2024,Харківська,Харків,"36,3073994","50,0020127",0,0,0,0,0,0,1,0,0,0
23.05.2024,Харківська,Харків,"36,3073994","50,0020127",0,0,0,0,0,0,1,0,0,0
23.05.2024,Харківська,Харків,"36,3073994","50,0020127",0,0,0,0,0,0,1,0,0,0
23.05.2024,Харківська,Золочів,"35,9760431","50,2690697",1,0,1,0,0,0,1,0,1,0
23.05.2024,Харківська,Золочів,"35,9760431","50,2690697",1,0,1,0,0,0,0,0,0,0
23.05.2024,Харківська,Люботин,"35,9407539","49,9511113",1,0,1,0,0,0,1,0,1,0
23.05.2024,Харківська,Люботин,"35,9407539","49,9511113",1,0,1,0,0,0,1,0,0,0
23.05.2024,Харківська,Люботин,"35,9407539","49,9511113",0,0,0,0,0,0,1,0,0,0
23.05.2024,Харківська,Люботин,"35,9407539","49,9511113",0,0,0,0,0,0,1,0,0,0
23.05.2024,Харківська,Люботин,"35,9407539","49,9511113",0,0,0,0,0,0,1,0,0,0
23.05.2024,Харківська,Люботин,"35,9407539","49,9511113",0,0,0,0,0,0,1,0,0,0
23.05.2024,Харківська,Люботин,"35,9407539","49,9511113",0,0,0,0,0,0,1,0,0,0
23.05.2024,Харківська,Люботин,"35,9407539","49,9511113",0,0,0,0,0,0,1,0,0,0
23.05.2024,Харківська,Дергачі,"36,1155026","50,1097212",1,0,0,0,1,0,1,0,1,1
23.05.2024,Харківська,Дергачі,"36,1155026","50,1097212",1,0,0,0,1,0,1,0,0,0
23.05.2024,Харківська,Дергачі,"36,1155026","50,1097212",0,0,0,0,0,0,1,0,0,0
23.05.2024,Харківська,Дергачі,"36,1155026","50,1097212",0,0,0,0,0,0,1,0,0,0
23.05.2024,Харківська,Дергачі,"36,1155026","50,1097212",0,0,0,0,0,0,1,0,0,0
23.05.2024,Харківська,Дергачі,"36,1155026","50,1097212",0,0,0,0,0,0,1,0,0,0
23.05.2024,Харківська,Дергачі,"36,1155026","50,1097212",0,0,0,0,0,0,1,0,0,0
23.05.2024,Харківська,Дергачі,"36,1155026","50,1097212",0,0,0,0,0,0,1,0,0,0
23.05.2024,Харківська,Дергачі,"36,1155026","50,1097212",0,0,0,0,0,0,1,0,0,0
23.05.2024,Харківська,Дергачі,"36,1155026","50,1097212",0,0,0,0,0,0,1,0,0,0
23.05.2024,Харківська,Дергачі,"36,1155026","50,1097212",0,0,0,0,0,0,1,0,0,0
23.05.2024,Харківська,Дергачі,"36,1155026","50,1097212",0,0,0,0,0,0,1,0,0,0
23.05.2024,Харківська,Дергачі,"36,1155026","50,1097212",0,0,0,0,0,0,1,0,0,0
24.05.2024,Харківська,Харків,"36,3073994","50,0020127",1,0,1,0,0,0,0,0,1,0
24.05.2024,Харківська,Харків,"36,3073994","50,0020127",1,0,1,0,0,0,0,0,1,0
24.05.2024,Харківська,Золочів,"35,9760431","50,2690697",1,0,1,0,0,0,0,0,1,0
24.05.2024,Харківська,Золочів,"35,9760431","50,2690697",1,0,1,0,0,0,0,0,0,0
24.05.2024,Кіровоградська,Кропивницький,"32,2641984","48,5070977",1,1,0,0,0,0,0,0,0,0
24.05.2024,Запорізька,Гуляйполе,"36,2732384","47,6607145",1,0,0,0,1,0,0,0,1,0
25.05.2024,Харківська,Харків,"36,3073994","50,0020127",1,0,1,1,1,1,1,0,1,0
25.05.2024,Харківська,Харків,"36,3073994","50,0020127",1,0,0,0,1,1,1,0,0,0
25.05.2024,Харківська,Харків,"36,3073994","50,0020127",1,0,0,0,1,1,1,0,0,0
25.05.2024,Харківська,Харків,"36,3073994","50,0020127",1,0,0,0,0,1,1,0,0,0
25.05.2024,Харківська,Харків,"36,3073994","50,0020127",1,0,0,0,0,1,1,0,0,0
25.05.2024,Харківська,Харків,"36,3073994","50,0020127",0,0,0,0,0,1,1,0,0,0
25.05.2024,Харківська,Харків,"36,3073994","50,0020127",0,0,0,0,0,1,1,0,0,0
25.05.2024,Харківська,Харків,"36,3073994","50,0020127",0,0,0,0,0,1,1,0,0,0
25.05.2024,Харківська,Харків,"36,3073994","50,0020127",0,0,0,0,0,1,1,0,0,0
25.05.2024,Харківська,Харків,"36,3073994","50,0020127",0,0,0,0,0,1,1,0,0,0
25.05.2024,Харківська,Харків,"36,3073994","50,0020127",0,0,0,0,0,1,1,0,0,0
25.05.2024,Харківська,Харків,"36,3073994","50,0020127",0,0,0,0,0,1,1,0,0,0
25.05.2024,Харківська,Харків,"36,3073994","50,0020127",0,0,0,0,0,1,1,0,0,0
25.05.2024,Харківська,Харків,"36,3073994","50,0020127",0,0,0,0,0,1,1,0,0,0
25.05.2024,Харківська,Харків,"36,3073994","50,0020127",0,0,0,0,0,1,1,0,0,0
25.05.2024,Харківська,Харків,"36,3073994","50,0020127",0,0,0,0,0,1,1,0,0,0
25.05.2024,Харківська,Харків,"36,3073994","50,0020127",0,0,0,0,0,1,1,0,0,0
25.05.2024,Харківська,Харків,"36,3073994","50,0020127",0,0,0,0,0,1,1,0,0,0
25.05.2024,Харківська,Харків,"36,3073994","50,0020127",0,0,0,0,0,1,1,0,0,0
25.05.2024,Харківська,Харків,"36,3073994","50,0020127",0,0,0,0,0,1,1,0,0,0
25.05.2024,Харківська,Харків,"36,3073994","50,0020127",0,0,0,0,0,1,1,0,0,0
25.05.2024,Харківська,Харків,"36,3073994","50,0020127",0,0,0,0,0,1,1,0,0,0
25.05.2024,Харківська,Харків,"36,3073994","50,0020127",0,0,0,0,0,1,1,0,0,0
25.05.2024,Харківська,Харків,"36,3073994","50,0020127",0,0,0,0,0,1,1,0,0,0
25.05.2024,Харківська,Харків,"36,3073994","50,0020127",0,0,0,0,0,1,1,0,0,0
25.05.2024,Харківська,Харків,"36,3073994","50,0020127",0,0,0,0,0,1,1,0,0,0
25.05.2024,Харківська,Харків,"36,3073994","50,0020127",0,0,0,0,0,0,1,0,0,0
25.05.2024,Харківська,Харків,"36,3073994","50,0020127",0,0,0,0,0,0,1,0,0,0
25.05.2024,Харківська,Харків,"36,3073994","50,0020127",0,0,0,0,0,0,1,0,0,0
25.05.2024,Харківська,Харків,"36,3073994","50,0020127",0,0,0,0,0,0,1,0,0,0
25.05.2024,Харківська,Харків,"36,3073994","50,0020127",0,0,0,0,0,0,1,0,0,0
25.05.2024,Харківська,Харків,"36,3073994","50,0020127",0,0,0,0,0,0,1,0,0,0
25.05.2024,Харківська,Харків,"36,3073994","50,0020127",0,0,0,0,0,0,1,0,0,0
25.05.2024,Харківська,Харків,"36,3073994","50,0020127",0,0,0,0,0,0,1,0,0,0
25.05.2024,Харківська,Харків,"36,3073994","50,0020127",0,0,0,0,0,0,1,0,0,0
25.05.2024,Харківська,Харків,"36,3073994","50,0020127",0,0,0,0,0,0,1,0,0,0
25.05.2024,Харківська,Харків,"36,3073994","50,0020127",0,0,0,0,0,0,1,0,0,0
25.05.2024,Харківська,Харків,"36,3073994","50,0020127",0,0,0,0,0,0,1,0,0,0
25.05.2024,Харківська,Харків,"36,3073994","50,0020127",0,0,0,0,0,0,1,0,0,0
25.05.2024,Харківська,Харків,"36,3073994","50,0020127",0,0,0,0,0,0,1,0,0,0
25.05.2024,Харківська,Харків,"36,3073994","50,0020127",0,0,0,0,0,0,1,0,0,0
25.05.2024,Харківська,Харків,"36,3073994","50,0020127",0,0,0,0,0,0,1,0,0,0
25.05.2024,Харківська,Харків,"36,3073994","50,0020127",0,0,0,0,0,0,1,0,0,0
25.05.2024,Харківська,Харків,"36,3073994","50,0020127",0,0,0,0,0,0,1,0,0,0
25.05.2024,Харківська,Харків,"36,3073994","50,0020127",0,0,0,0,0,0,1,0,0,0
25.05.2024,Харківська,Харків,"36,3073994","50,0020127",0,0,0,0,0,0,1,0,0,0
25.05.2024,Харківська,Харків,"36,3073994","50,0020127",0,0,0,0,0,0,1,0,0,0
25.05.2024,Харківська,Харків,"36,3073994","50,0020127",0,0,0,0,0,0,1,0,0,0
25.05.2024,Харківська,Харків,"36,3073994","50,0020127",0,0,0,0,0,0,1,0,0,0
25.05.2024,Харківська,Харків,"36,3073994","50,0020127",0,0,0,0,0,0,1,0,0,0
26.05.2024,Харківська,Чугуїв,"36,6813122","49,8363158",1,0,1,0,0,0,1,0,1,0
26.05.2024,Хмельницька,Старокостянтинів,"27,2121595","49,7546828",1,1,0,1,0,0,1,1,1,1
26.05.2024,Хмельницька,Старокостянтинів,"27,2121595","49,7546828",1,1,0,0,0,0,1,0,1,1
26.05.2024,Хмельницька,Старокостянтинів,"27,2121595","49,7546828",1,0,0,0,0,0,1,0,1,0
26.05.2024,Хмельницька,Старокостянтинів,"27,2121595","49,7546828",0,0,0,0,0,0,1,0,1,0
26.05.2024,Хмельницька,Старокостянтинів,"27,2121595","49,7546828",0,0,0,0,0,0,1,0,1,0
26.05.2024,Хмельницька,Старокостянтинів,"27,2121595","49,7546828",0,0,0,0,0,0,1,0,0,0
26.05.2024,Хмельницька,Старокостянтинів,"27,2121595","49,7546828",0,0,0,0,0,0,1,0,0,0
26.05.2024,Харківська,Ізюм,"37,2665006","49,2121445",1,0,0,0,1,1,1,0,1,0
26.05.2024,Харківська,Ізюм,"37,2665006","49,2121445",0,0,0,0,0,0,1,0,0,0
26.05.2024,Херсонська,Херсон,"32,616867","46,635417",1,0,0,0,1,0,1,0,1,1
26.05.2024,Херсонська,Херсон,"32,616867","46,635417",1,0,0,0,1,0,1,0,1,0
26.05.2024,Херсонська,Херсон,"32,616867","46,635417",1,0,0,0,1,0,1,0,1,0
26.05.2024,Херсонська,Херсон,"32,616867","46,635417",0,0,0,0,0,0,0,0,1,0
26.05.2024,Херсонська,Херсон,"32,616867","46,635417",0,0,0,0,0,0,0,0,1,0
26.05.2024,Херсонська,Херсон,"32,616867","46,635417",0,0,0,0,0,0,0,0,1,0
26.05.2024,Херсонська,Херсон,"32,616867","46,635417",0,0,0,0,0,0,0,0,1,0
26.05.2024,Миколаївська,Миколаїв,"32,003246","46,9660801",1,0,0,1,0,0,0,0,1,0
26.05.2024,Запорізька,Запоріжжя,"35,1387097","47,8392842",1,1,0,0,0,0,0,0,1,0
26.05.2024,Вінницька,Жмеринка,"28,1085937","49,0390512",1,0,0,1,0,0,1,0,1,0
26.05.2024,Вінницька,Жмеринка,"28,1085937","49,0390512",0,0,0,0,0,0,1,0,1,0
26.05.2024,Вінницька,Жмеринка,"28,1085937","49,0390512",0,0,0,0,0,0,1,0,1,0
26.05.2024,Вінницька,Жмеринка,"28,1085937","49,0390512",0,0,0,0,0,0,0,0,1,0
26.05.2024,Вінницька,Жмеринка,"28,1085937","49,0390512",0,0,0,0,0,0,0,0,1,0
26.05.2024,Вінницька,Жмеринка,"28,1085937","49,0390512",0,0,0,0,0,0,0,0,1,0
26.05.2024,Вінницька,Жмеринка,"28,1085937","49,0390512",0,0,0,0,0,0,0,0,1,0
26.05.2024,Вінницька,Жмеринка,"28,1085937","49,0390512",0,0,0,0,0,0,0,0,1,0
26.05.2024,Вінницька,Жмеринка,"28,1085937","49,0390512",0,0,0,0,0,0,0,0,1,0
26.05.2024,Вінницька,Жмеринка,"28,1085937","49,0390512",0,0,0,0,0,0,0,0,1,0
27.05.2024,Харківська,Харків,"36,3073994","50,0020127",1,0,1,0,1,1,1,0,1,0
27.05.2024,Харківська,Харків,"36,3073994","50,0020127",1,0,1,0,1,0,1,0,1,0
27.05.2024,Харківська,Харків,"36,3073994","50,0020127",1,0,0,0,1,0,1,0,0,0
27.05.2024,Харківська,Харків,"36,3073994","50,0020127",1,0,0,0,1,0,1,0,0,0
27.05.2024,Харківська,Харків,"36,3073994","50,0020127",1,0,0,0,1,0,1,0,0,0
27.05.2024,Харківська,Харків,"36,3073994","50,0020127",1,0,0,0,1,0,1,0,0,0
27.05.2024,Харківська,Харків,"36,3073994","50,0020127",1,0,0,0,1,0,1,0,0,0
27.05.2024,Харківська,Харків,"36,3073994","50,0020127",1,0,0,0,1,0,1,0,0,0
27.05.2024,Харківська,Харків,"36,3073994","50,0020127",1,0,0,0,1,0,1,0,0,0
27.05.2024,Харківська,Харків,"36,3073994","50,0020127",1,0,0,0,1,0,1,0,0,0
27.05.2024,Харківська,Харків,"36,3073994","50,0020127",1,0,0,0,1,0,1,0,0,0
27.05.2024,Харківська,Харків,"36,3073994","50,0020127",1,0,0,0,1,0,1,0,0,0
27.05.2024,Харківська,Харків,"36,3073994","50,0020127",1,0,0,0,1,0,1,0,0,0
27.05.2024,Харківська,Харків,"36,3073994","50,0020127",1,0,0,0,1,0,1,0,0,0
27.05.2024,Харківська,Харків,"36,3073994","50,0020127",1,0,0,0,1,0,1,0,0,0
27.05.2024,Харківська,Харків,"36,3073994","50,0020127",1,0,0,0,1,0,0,0,0,0
27.05.2024,Харківська,Харків,"36,3073994","50,0020127",1,0,0,0,1,0,0,0,0,0
27.05.2024,Харківська,Харків,"36,3073994","50,0020127",1,0,0,0,1,0,0,0,0,0
27.05.2024,Харківська,Харків,"36,3073994","50,0020127",1,0,0,0,1,0,0,0,0,0
27.05.2024,Харківська,Харків,"36,3073994","50,0020127",1,0,0,0,1,0,0,0,0,0
27.05.2024,Харківська,Харків,"36,3073994","50,0020127",1,0,0,0,1,0,0,0,0,0
27.05.2024,Харківська,Харків,"36,3073994","50,0020127",1,0,0,0,0,0,0,0,0,0
27.05.2024,Харківська,Харків,"36,3073994","50,0020127",1,0,0,0,0,0,0,0,0,0
27.05.2024,Миколаївська,Снігурівка,"32,8061775","47,07537",1,1,0,0,0,1,1,0,1,0
27.05.2024,Миколаївська,Снігурівка,"32,8061775","47,07537",0,0,0,0,0,1,1,0,1,0
27.05.2024,Миколаївська,Снігурівка,"32,8061775","47,07537",0,0,0,0,0,1,1,0,1,0
27.05.2024,Миколаївська,Снігурівка,"32,8061775","47,07537",0,0,0,0,0,0,1,0,1,0
27.05.2024,Миколаївська,Снігурівка,"32,8061775","47,07537",0,0,0,0,0,0,1,0,1,0
27.05.2024,Миколаївська,Снігурівка,"32,8061775","47,07537",0,0,0,0,0,0,1,0,1,0
27.05.2024,Миколаївська,Снігурівка,"32,8061775","47,07537",0,0,0,0,0,0,0,0,1,0
27.05.2024,Херсонська,Херсон,"32,616867","46,635417",1,0,0,0,1,0,1,0,1,0
27.05.2024,Херсонська,Херсон,"32,616867","46,635417",1,0,0,0,1,0,1,0,1,0
27.05.2024,Херсонська,Херсон,"32,616867","46,635417",1,0,0,0,1,0,1,0,1,0
27.05.2024,Херсонська,Херсон,"32,616867","46,635417",0,0,0,0,0,0,1,0,1,0
27.05.2024,Херсонська,Херсон,"32,616867","46,635417",0,0,0,0,0,0,1,0,1,0
28.05.2024,Херсонська,Берислав,"33,4273644","46,8433183",1,0,0,0,1,0,0,0,1,0
28.05.2024,Херсонська,Берислав,"33,4273644","46,8433183",1,0,0,0,1,0,0,0,1,0
28.05.2024,Херсонська,Берислав,"33,4273644","46,8433183",1,0,0,0,1,0,0,0,1,0
28.05.2024,Херсонська,Берислав,"33,4273644","46,8433183",0,0,0,0,0,0,0,0,1,0
28.05.2024,Херсонська,Берислав,"33,4273644","46,8433183",0,0,0,0,0,0,0,0,1,0
28.05.2024,Херсонська,Берислав,"33,4273644","46,8433183",0,0,0,0,0,0,0,0,1,0
28.05.2024,Херсонська,Берислав,"33,4273644","46,8433183",0,0,0,0,0,0,0,0,1,0
28.05.2024,Миколаївська,Очаків,"31,5387942","46,6187667",1,0,0,1,0,0,0,0,1,0
28.05.2024,Харківська,Харків,"36,3073994","50,0020127",1,0,0,0,1,1,1,0,1,1
28.05.2024,Харківська,Харків,"36,3073994","50,0020127",1,0,0,0,1,0,1,0,0,0
28.05.2024,Харківська,Харків,"36,3073994","50,0020127",1,0,0,0,1,0,1,0,0,0
28.05.2024,Харківська,Харків,"36,3073994","50,0020127",1,0,0,0,1,0,1,0,0,0
28.05.2024,Харківська,Харків,"36,3073994","50,0020127",1,0,0,0,1,0,1,0,0,0
28.05.2024,Харківська,Харків,"36,3073994","50,0020127",1,0,0,0,1,0,1,0,0,0
28.05.2024,Харківська,Харків,"36,3073994","50,0020127",1,0,0,0,1,0,1,0,0,0
28.05.2024,Харківська,Харків,"36,3073994","50,0020127",1,0,0,0,1,0,1,0,0,0
28.05.2024,Харківська,Харків,"36,3073994","50,0020127",1,0,0,0,1,0,1,0,0,0
28.05.2024,Харківська,Харків,"36,3073994","50,0020127",1,0,0,0,1,0,1,0,0,0
28.05.2024,Харківська,Харків,"36,3073994","50,0020127",1,0,0,0,1,0,1,0,0,0
28.05.2024,Харківська,Харків,"36,3073994","50,0020127",1,0,0,0,1,0,1,0,0,0
28.05.2024,Харківська,Харків,"36,3073994","50,0020127",0,0,0,0,0,0,1,0,0,0
28.05.2024,Одеська,Одеса,"30,7306393","46,4702111",1,0,1,0,0,0,0,0,1,0
28.05.2024,Одеська,Одеса,"30,7306393","46,4702111",1,0,1,0,0,0,0,0,1,0
28.05.2024,Одеська,Одеса,"30,7306393","46,4702111",0,0,0,0,0,0,0,0,1,0
28.05.2024,Одеська,Одеса,"30,7306393","46,4702111",0,0,0,0,0,0,0,0,1,0
28.05.2024,Одеська,Одеса,"30,7306393","46,4702111",0,0,0,0,0,0,0,0,1,0
29.05.2024,Одеська,Одеса,"30,7306393","46,4702111",1,1,0,0,0,0,0,0,1,0
29.05.2024,Одеська,Одеса,"30,7306393","46,4702111",1,1,0,0,0,0,0,0,1,0
29.05.2024,Одеська,Одеса,"30,7306393","46,4702111",0,0,0,0,0,0,0,0,1,0
29.05.2024,Одеська,Одеса,"30,7306393","46,4702111",0,0,0,0,0,0,0,0,1,0
29.05.2024,Одеська,Одеса,"30,7306393","46,4702111",0,0,0,0,0,0,0,0,1,0
29.05.2024,Кіровоградська,Кропивницький,"32,2641984","48,5070977",1,0,0,1,0,0,0,1,0,0
29.05.2024,Херсонська,Херсон,"32,616867","46,635417",1,0,0,0,1,0,1,0,1,0
29.05.2024,Херсонська,Херсон,"32,616867","46,635417",1,0,0,0,1,0,1,0,1,0
29.05.2024,Херсонська,Херсон,"32,616867","46,635417",1,0,0,0,1,0,1,0,1,0
29.05.2024,Херсонська,Херсон,"32,616867","46,635417",0,0,0,0,0,0,1,0,1,0
29.05.2024,Херсонська,Херсон,"32,616867","46,635417",0,0,0,0,0,0,1,0,1,0
29.05.2024,Херсонська,Херсон,"32,616867","46,635417",0,0,0,0,0,0,0,0,1,0
29.05.2024,Херсонська,Херсон,"32,616867","46,635417",0,0,0,0,0,0,0,0,1,0
29.05.2024,Харківська,Харків,"36,3073994","50,0020127",1,0,0,0,1,0,1,0,1,1
29.05.2024,Харківська,Харків,"36,3073994","50,0020127",1,0,0,0,1,0,0,0,1,0
29.05.2024,Харківська,Харків,"36,3073994","50,0020127",1,0,0,0,1,0,0,0,1,0
29.05.2024,Харківська,Харків,"36,3073994","50,0020127",1,0,0,0,1,0,0,0,1,0
29.05.2024,Харківська,Харків,"36,3073994","50,0020127",1,0,0,0,1,0,0,0,0,0
29.05.2024,Харківська,Харків,"36,3073994","50,0020127",1,0,0,0,1,0,0,0,0,0
30.05.2024,Харківська,Харків,"36,3073994","50,0020127",1,0,1,0,0,1,1,0,1,1
30.05.2024,Харківська,Харків,"36,3073994","50,0020127",1,0,1,0,0,1,1,0,1,0
30.05.2024,Харківська,Харків,"36,3073994","50,0020127",1,0,1,0,0,1,1,0,1,0
30.05.2024,Харківська,Харків,"36,3073994","50,0020127",1,0,1,0,0,1,1,0,1,0
30.05.2024,Харківська,Харків,"36,3073994","50,0020127",1,0,1,0,0,1,1,0,1,0
30.05.2024,Харківська,Харків,"36,3073994","50,0020127",1,0,1,0,0,1,1,0,1,0
30.05.2024,Харківська,Харків,"36,3073994","50,0020127",0,0,0,0,0,0,1,0,1,0
30.05.2024,Харківська,Харків,"36,3073994","50,0020127",0,0,0,0,0,0,1,0,1,0
30.05.2024,Харківська,Харків,"36,3073994","50,0020127",0,0,0,0,0,0,1,0,1,0
30.05.2024,Харківська,Харків,"36,3073994","50,0020127",0,0,0,0,0,0,1,0,1,0
30.05.2024,Харківська,Харків,"36,3073994","50,0020127",0,0,0,0,0,0,1,0,1,0
30.05.2024,Харківська,Харків,"36,3073994","50,0020127",0,0,0,0,0,0,1,0,1,0
30.05.2024,Харківська,Харків,"36,3073994","50,0020127",0,0,0,0,0,0,1,0,1,0
30.05.2024,Харківська,Харків,"36,3073994","50,0020127",0,0,0,0,0,0,1,0,1,0
30.05.2024,Харківська,Харків,"36,3073994","50,0020127",0,0,0,0,0,0,1,0,1,0
30.05.2024,Харківська,Харків,"36,3073994","50,0020127",0,0,0,0,0,0,1,0,1,0
30.05.2024,Харківська,Харків,"36,3073994","50,0020127",0,0,0,0,0,0,1,0,1,0
30.05.2024,Харківська,Харків,"36,3073994","50,0020127",0,0,0,0,0,0,1,0,1,0
30.05.2024,Харківська,Харків,"36,3073994","50,0020127",0,0,0,0,0,0,1,0,1,0
30.05.2024,Харківська,Харків,"36,3073994","50,0020127",0,0,0,0,0,0,1,0,1,0
30.05.2024,Харківська,Харків,"36,3073994","50,0020127",0,0,0,0,0,0,1,0,0,0
30.05.2024,Харківська,Харків,"36,3073994","50,0020127",0,0,0,0,0,0,1,0,0,0
30.05.2024,Харківська,Харків,"36,3073994","50,0020127",0,0,0,0,0,0,1,0,0,0
30.05.2024,Харківська,Харків,"36,3073994","50,0020127",0,0,0,0,0,0,1,0,0,0
30.05.2024,Харківська,Харків,"36,3073994","50,0020127",0,0,0,0,0,0,1,0,0,0
31.05.2024,Одеська,Одеса,"30,7306393","46,4702111",1,1,0,0,0,0,0,0,1,0
31.05.2024,Одеська,Одеса,"30,7306393","46,4702111",1,1,0,0,0,0,0,0,1,0
31.05.2024,Київська,Київ,"30,5245025","50,4503596",1,0,1,0,0,0,0,0,1,0
31.05.2024,Харківська,Вовчанськ,"36,9329429","50,284234",1,0,0,0,1,0,0,0,0,1
31.05.2024,Харківська,Вовчанськ,"36,9329429","50,284234",1,0,0,0,1,0,0,0,0,1
31.05.2024,Харківська,Вовчанськ,"36,9329429","50,284234",1,0,0,0,1,0,0,0,0,1
31.05.2024,Харківська,Вовчанськ,"36,9329429","50,284234",1,0,0,0,1,0,0,0,0,1
31.05.2024,Харківська,Вовчанськ,"36,9329429","50,284234",1,0,0,0,1,0,0,0,0,1
31.05.2024,Харківська,Вовчанськ,"36,9329429","50,284234",1,0,0,0,1,0,0,0,0,0
31.05.2024,Харківська,Вовчанськ,"36,9329429","50,284234",1,0,0,0,1,0,0,0,0,0
31.05.2024,Харківська,Вовчанськ,"36,9329429","50,284234",1,0,0,0,1,0,0,0,0,0
31.05.2024,Харківська,Вовчанськ,"36,9329429","50,284234",1,0,0,0,1,0,0,0,0,0
31.05.2024,Харківська,Вовчанськ,"36,9329429","50,284234",1,0,0,0,1,0,0,0,0,0
31.05.2024,Харківська,Вовчанськ,"36,9329429","50,284234",1,0,0,0,1,0,0,0,0,0
31.05.2024,Харківська,Вовчанськ,"36,9329429","50,284234",1,0,0,0,1,0,0,0,0,0
31.05.2024,Харківська,Вовчанськ,"36,9329429","50,284234",1,0,0,0,1,0,0,0,0,0
31.05.2024,Харківська,Вовчанськ,"36,9329429","50,284234",1,0,0,0,1,0,0,0,0,0
31.05.2024,Харківська,Вовчанськ,"36,9329429","50,284234",1,0,0,0,1,0,0,0,0,0
01.06.2024,Одеська,Одеса,"30,7306393","46,4702111",1,1,0,0,0,0,0,0,1,0
01.06.2024,Одеська,Одеса,"30,7306393","46,4702111",1,1,0,0,0,0,0,0,1,0
01.06.2024,Одеська,Одеса,"30,7306393","46,4702111",0,0,0,0,0,0,0,0,1,0
01.06.2024,Івано-Франківська,Бурштин,"24,62688","49,2605667",1,1,0,0,0,0,0,1,0,0
01.06.2024,Івано-Франківська,Бурштин,"24,62688","49,2605667",1,1,0,0,0,0,0,0,0,0
01.06.2024,Харківська,Балаклія,"36,8584805","49,4643925",1,0,1,0,0,0,1,0,1,0
01.06.2024,Харківська,Балаклія,"36,8584805","49,4643925",0,0,0,0,0,0,1,0,1,0
01.06.2024,Харківська,Балаклія,"36,8584805","49,4643925",0,0,0,0,0,0,1,0,1,0
01.06.2024,Харківська,Балаклія,"36,8584805","49,4643925",0,0,0,0,0,0,1,0,1,0
01.06.2024,Харківська,Балаклія,"36,8584805","49,4643925",0,0,0,0,0,0,1,0,1,0
01.06.2024,Харківська,Балаклія,"36,8584805","49,4643925",0,0,0,0,0,0,1,0,0,0
01.06.2024,Харківська,Балаклія,"36,8584805","49,4643925",0,0,0,0,0,0,1,0,0,0
01.06.2024,Харківська,Балаклія,"36,8584805","49,4643925",0,0,0,0,0,0,1,0,0,0
01.06.2024,Харківська,Балаклія,"36,8584805","49,4643925",0,0,0,0,0,0,1,0,0,0
01.06.2024,Харківська,Балаклія,"36,8584805","49,4643925",0,0,0,0,0,0,1,0,0,0
01.06.2024,Харківська,Балаклія,"36,8584805","49,4643925",0,0,0,0,0,0,1,0,0,0
01.06.2024,Харківська,Балаклія,"36,8584805","49,4643925",0,0,0,0,0,0,1,0,0,0
01.06.2024,Харківська,Дергачі,"36,1155026","50,1097212",1,0,0,0,1,0,0,0,1,1
01.06.2024,Харківська,Дергачі,"36,1155026","50,1097212",1,0,0,0,1,0,0,0,1,0
01.06.2024,Харківська,Дергачі,"36,1155026","50,1097212",1,0,0,0,1,0,0,0,1,0
01.06.2024,Харківська,Дергачі,"36,1155026","50,1097212",1,0,0,0,1,0,0,0,0,0
01.06.2024,Харківська,Дергачі,"36,1155026","50,1097212",1,0,0,0,1,0,0,0,0,0
01.06.2024,Херсонська,Херсон,"32,616867","46,635417",1,0,0,0,1,0,1,0,1,0
01.06.2024,Херсонська,Херсон,"32,616867","46,635417",1,0,0,0,1,0,1,0,1,0
01.06.2024,Херсонська,Херсон,"32,616867","46,635417",1,0,0,0,1,0,1,0,1,0
01.06.2024,Херсонська,Херсон,"32,616867","46,635417",0,0,0,0,0,0,1,0,0,0
01.06.2024,Херсонська,Херсон,"32,616867","46,635417",0,0,0,0,0,0,1,0,0,0
01.06.2024,Миколаївська,Вознесенськ,"31,336117","47,5605",1,1,0,0,0,0,0,1,0,0
01.06.2024,Запорізька,Запоріжжя,"35,1387097","47,8392842",1,0,1,0,0,0,0,1,1,0
01.06.2024,Запорізька,Запоріжжя,"35,1387097","47,8392842",1,0,1,0,0,0,0,0,1,0
01.06.2024,Запорізька,Запоріжжя,"35,1387097","47,8392842",1,0,1,0,0,0,0,0,1,0
01.06.2024,Запорізька,Запоріжжя,"35,1387097","47,8392842",1,0,1,0,0,0,0,0,1,0
01.06.2024,Запорізька,Запоріжжя,"35,1387097","47,8392842",0,0,0,0,0,0,0,0,1,0
01.06.2024,Запорізька,Запоріжжя,"35,1387097","47,8392842",0,0,0,0,0,0,0,0,1,0
01.06.2024,Запорізька,Запоріжжя,"35,1387097","47,8392842",0,0,0,0,0,0,0,0,1,0
01.06.2024,Запорізька,Запоріжжя,"35,1387097","47,8392842",0,0,0,0,0,0,0,0,1,0
01.06.2024,Запорізька,Запоріжжя,"35,1387097","47,8392842",0,0,0,0,0,0,0,0,1,0
01.06.2024,Запорізька,Запоріжжя,"35,1387097","47,8392842",0,0,0,0,0,0,0,0,1,0
01.06.2024,Запорізька,Запоріжжя,"35,1387097","47,8392842",0,0,0,0,0,0,0,0,1,0
01.06.2024,Запорізька,Запоріжжя,"35,1387097","47,8392842",0,0,0,0,0,0,0,0,1,0
01.06.2024,Запорізька,Запоріжжя,"35,1387097","47,8392842",0,0,0,0,0,0,0,0,1,0
01.06.2024,Запорізька,Запоріжжя,"35,1387097","47,8392842",0,0,0,0,0,0,0,0,1,0
01.06.2024,Запорізька,Запоріжжя,"35,1387097","47,8392842",0,0,0,0,0,0,0,0,1,0
01.06.2024,Запорізька,Запоріжжя,"35,1387097","47,8392842",0,0,0,0,0,0,0,0,1,0
01.06.2024,Запорізька,Запоріжжя,"35,1387097","47,8392842",0,0,0,0,0,0,0,0,1,0
01.06.2024,Запорізька,Запоріжжя,"35,1387097","47,8392842",0,0,0,0,0,0,0,0,1,0
01.06.2024,Запорізька,Запоріжжя,"35,1387097","47,8392842",0,0,0,0,0,0,0,0,1,0
01.06.2024,Запорізька,Запоріжжя,"35,1387097","47,8392842",0,0,0,0,0,0,0,0,1,0
01.06.2024,Дніпропетровська,Дніпро,"35,046183","48,464717",1,1,0,0,0,0,0,1,0,0
25.12.2024,Донецька,Костянтинівка,"37,7075811","48,5239429",1,1,0,0,0,0,0,1,0,0
02.06.2024,Одеська,Одеса,"30,7306393","46,4702111",1,1,0,0,0,0,0,0,1,0
02.06.2024,Одеська,Одеса,"30,7306393","46,4702111",1,1,0,0,0,0,0,0,1,0
02.06.2024,Одеська,Одеса,"30,7306393","46,4702111",0,0,0,0,0,0,0,0,1,0
02.06.2024,Херсонська,Херсон,"32,616867","46,635417",1,0,0,0,1,0,1,0,1,0
02.06.2024,Херсонська,Херсон,"32,616867","46,635417",1,0,0,0,1,0,1,0,1,0
02.06.2024,Херсонська,Херсон,"32,616867","46,635417",1,0,0,0,1,0,1,0,1,0
02.06.2024,Херсонська,Херсон,"32,616867","46,635417",0,0,0,0,0,0,1,0,1,0
02.06.2024,Херсонська,Херсон,"32,616867","46,635417",0,0,0,0,0,0,1,0,1,0
02.06.2024,Херсонська,Херсон,"32,616867","46,635417",0,0,0,0,0,0,1,0,0,0
02.06.2024,Херсонська,Херсон,"32,616867","46,635417",0,0,0,0,0,0,1,0,0,0
02.06.2024,Херсонська,Берислав,"33,4273644","46,8433183",1,0,0,0,1,0,1,0,1,0
02.06.2024,Херсонська,Берислав,"33,4273644","46,8433183",1,0,0,0,1,0,1,0,1,0
02.06.2024,Херсонська,Берислав,"33,4273644","46,8433183",0,0,0,0,0,0,1,0,1,0
02.06.2024,Херсонська,Берислав,"33,4273644","46,8433183",0,0,0,0,0,0,1,0,1,0
02.06.2024,Херсонська,Берислав,"33,4273644","46,8433183",0,0,0,0,0,0,1,0,1,0
02.06.2024,Херсонська,Берислав,"33,4273644","46,8433183",0,0,0,0,0,0,0,0,1,0
02.06.2024,Херсонська,Берислав,"33,4273644","46,8433183",0,0,0,0,0,0,0,0,1,0
02.06.2024,Харківська,Ізюм,"37,2665006","49,2121445",1,0,0,0,1,0,1,0,1,0
02.06.2024,Харківська,Ізюм,"37,2665006","49,2121445",1,0,0,0,1,0,1,0,1,0
02.06.2024,Харківська,Ізюм,"37,2665006","49,2121445",0,0,0,0,0,0,0,0,1,0
02.06.2024,Харківська,Ізюм,"37,2665006","49,2121445",0,0,0,0,0,0,0,0,1,0
02.06.2024,Харківська,Вовчанськ,"36,9329429","50,284234",1,0,0,0,1,0,0,0,1,0
02.06.2024,Харківська,Вовчанськ,"36,9329429","50,284234",1,0,0,0,1,0,0,0,1,0
02.06.2024,Харківська,Вовчанськ,"36,9329429","50,284234",1,0,0,0,1,0,0,0,1,0
02.06.2024,Харківська,Вовчанськ,"36,9329429","50,284234",1,0,0,0,1,0,0,0,1,0
02.06.2024,Харківська,Вовчанськ,"36,9329429","50,284234",1,0,0,0,1,0,0,0,1,0
02.06.2024,Харківська,Вовчанськ,"36,9329429","50,284234",1,0,0,0,1,0,0,0,0,0
02.06.2024,Харківська,Вовчанськ,"36,9329429","50,284234",1,0,0,0,1,0,0,0,0,0
02.06.2024,Харківська,Вовчанськ,"36,9329429","50,284234",1,0,0,0,1,0,0,0,0,0
02.06.2024,Харківська,Вовчанськ,"36,9329429","50,284234",1,0,0,0,1,0,0,0,0,0
02.06.2024,Харківська,Вовчанськ,"36,9329429","50,284234",1,0,0,0,1,0,0,0,0,0
02.06.2024,Харківська,Харків,"36,3073994","50,0020127",1,0,1,0,0,1,1,0,1,0
02.06.2024,Харківська,Харків,"36,3073994","50,0020127",1,0,1,0,0,1,1,0,1,0
02.06.2024,Харківська,Харків,"36,3073994","50,0020127",1,0,1,0,0,1,1,0,1,0
02.06.2024,Харківська,Харків,"36,3073994","50,0020127",1,0,1,0,0,1,1,0,1,0
02.06.2024,Харківська,Харків,"36,3073994","50,0020127",1,0,1,0,0,1,1,0,1,0
02.06.2024,Харківська,Харків,"36,3073994","50,0020127",0,0,0,0,0,1,1,0,1,0
02.06.2024,Харківська,Харків,"36,3073994","50,0020127",0,0,0,0,0,1,1,0,1,0
02.06.2024,Харківська,Харків,"36,3073994","50,0020127",0,0,0,0,0,1,1,0,1,0
02.06.2024,Харківська,Харків,"36,3073994","50,0020127",0,0,0,0,0,1,1,0,1,0
02.06.2024,Харківська,Харків,"36,3073994","50,0020127",0,0,0,0,0,0,1,0,1,0
02.06.2024,Харківська,Харків,"36,3073994","50,0020127",0,0,0,0,0,0,1,0,0,0
02.06.2024,Харківська,Харків,"36,3073994","50,0020127",0,0,0,0,0,0,1,0,0,0
02.06.2024,Харківська,Харків,"36,3073994","50,0020127",0,0,0,0,0,0,1,0,0,0
02.06.2024,Харківська,Харків,"36,3073994","50,0020127",0,0,0,0,0,0,1,0,0,0
02.06.2024,Харківська,Харків,"36,3073994","50,0020127",0,0,0,0,0,0,1,0,0,0
02.06.2024,Харківська,Харків,"36,3073994","50,0020127",0,0,0,0,0,0,1,0,0,0
02.06.2024,Харківська,Харків,"36,3073994","50,0020127",0,0,0,0,0,0,1,0,0,0
02.06.2024,Харківська,Харків,"36,3073994","50,0020127",0,0,0,0,0,0,1,0,0,0
02.06.2024,Харківська,Харків,"36,3073994","50,0020127",0,0,0,0,0,0,1,0,0,0
02.06.2024,Харківська,Харків,"36,3073994","50,0020127",0,0,0,0,0,0,1,0,0,0
02.06.2024,Харківська,Харків,"36,3073994","50,0020127",0,0,0,0,0,0,1,0,0,0
02.06.2024,Харківська,Харків,"36,3073994","50,0020127",0,0,0,0,0,0,1,0,0,0
02.06.2024,Харківська,Харків,"36,3073994","50,0020127",0,0,0,0,0,0,1,0,0,0
02.06.2024,Харківська,Харків,"36,3073994","50,0020127",0,0,0,0,0,0,1,0,0,0
02.06.2024,Харківська,Харків,"36,3073994","50,0020127",0,0,0,0,0,0,1,0,0,0
02.06.2024,Харківська,Харків,"36,3073994","50,0020127",0,0,0,0,0,0,1,0,0,0
03.06.2024,Харківська,Чугуїв,"36,6813122","49,8363158",0,0,0,0,0,0,1,0,1,0
03.06.2024,Харківська,Чугуїв,"36,6813122","49,8363158",0,0,0,0,0,0,1,0,1,0
03.06.2024,Харківська,Чугуїв,"36,6813122","49,8363158",0,0,0,0,0,0,0,0,1,0
03.06.2024,Харківська,Чугуїв,"36,6813122","49,8363158",0,0,0,0,0,0,0,0,1,0
03.06.2024,Харківська,Чугуїв,"36,6813122","49,8363158",0,0,0,0,0,0,0,0,1,0
03.06.2024,Харківська,Вовчанськ,"36,9329429","50,284234",1,0,0,0,1,1,1,0,1,0
03.06.2024,Харківська,Вовчанськ,"36,9329429","50,284234",1,0,0,0,1,0,0,0,1,0
03.06.2024,Харківська,Вовчанськ,"36,9329429","50,284234",1,0,0,0,1,0,0,0,1,0
03.06.2024,Харківська,Вовчанськ,"36,9329429","50,284234",1,0,0,0,1,0,0,0,1,0
03.06.2024,Харківська,Вовчанськ,"36,9329429","50,284234",1,0,0,0,1,0,0,0,1,0
03.06.2024,Харківська,Вовчанськ,"36,9329429","50,284234",1,0,0,0,1,0,0,0,1,0
03.06.2024,Харківська,Вовчанськ,"36,9329429","50,284234",1,0,0,0,1,0,0,0,1,0
03.06.2024,Харківська,Вовчанськ,"36,9329429","50,284234",1,0,0,0,1,0,0,0,0,0
03.06.2024,Харківська,Вовчанськ,"36,9329429","50,284234",1,0,0,0,1,0,0,0,0,0
03.06.2024,Харківська,Вовчанськ,"36,9329429","50,284234",1,0,0,0,1,0,0,0,0,0
03.06.2024,Одеська,Одеса,"30,7306393","46,4702111",1,0,1,0,0,0,0,0,1,0
03.06.2024,Одеська,Одеса,"30,7306393","46,4702111",0,0,0,0,0,0,0,0,1,0
04.06.2024,Дніпропетровська,Дніпро,"35,046183","48,464717",1,0,1,0,0,0,1,0,1,0
04.06.2024,Дніпропетровська,Дніпро,"35,046183","48,464717",1,0,1,0,0,0,1,0,1,0
04.06.2024,Дніпропетровська,Дніпро,"35,046183","48,464717",0,0,0,0,0,0,1,0,1,0
04.06.2024,Дніпропетровська,Дніпро,"35,046183","48,464717",0,0,0,0,0,0,1,0,1,0
04.06.2024,Дніпропетровська,Дніпро,"35,046183","48,464717",0,0,0,0,0,0,1,0,1,0
04.06.2024,Дніпропетровська,Дніпро,"35,046183","48,464717",0,0,0,0,0,0,1,0,1,0
04.06.2024,Дніпропетровська,Дніпро,"35,046183","48,464717",0,0,0,0,0,0,1,0,1,0
04.06.2024,Дніпропетровська,Дніпро,"35,046183","48,464717",0,0,0,0,0,0,1,0,1,0
04.06.2024,Дніпропетровська,Дніпро,"35,046183","48,464717",0,0,0,0,0,0,0,0,1,0
04.06.2024,Дніпропетровська,Дніпро,"35,046183","48,464717",0,0,0,0,0,0,0,0,1,0
04.06.2024,Дніпропетровська,Дніпро,"35,046183","48,464717",0,0,0,0,0,0,0,0,1,0
04.06.2024,Дніпропетровська,Дніпро,"35,046183","48,464717",0,0,0,0,0,0,0,0,1,0
04.06.2024,Дніпропетровська,Дніпро,"35,046183","48,464717",0,0,0,0,0,0,0,0,1,0
04.06.2024,Дніпропетровська,Дніпро,"35,046183","48,464717",0,0,0,0,0,0,0,0,1,0
04.06.2024,Дніпропетровська,Дніпро,"35,046183","48,464717",0,0,0,0,0,0,0,0,1,0
04.06.2024,Дніпропетровська,Дніпро,"35,046183","48,464717",0,0,0,0,0,0,0,0,1,0
04.06.2024,Дніпропетровська,Дніпро,"35,046183","48,464717",0,0,0,0,0,0,0,0,1,0
04.06.2024,Дніпропетровська,Дніпро,"35,046183","48,464717",0,0,0,0,0,0,0,0,1,0
04.06.2024,Дніпропетровська,Дніпро,"35,046183","48,464717",0,0,0,0,0,0,0,0,1,0
04.06.2024,Дніпропетровська,Дніпро,"35,046183","48,464717",0,0,0,0,0,0,0,0,1,0
04.06.2024,Дніпропетровська,Дніпро,"35,046183","48,464717",0,0,0,0,0,0,0,0,1,0
04.06.2024,Дніпропетровська,Дніпро,"35,046183","48,464717",0,0,0,0,0,0,0,0,1,0
04.06.2024,Дніпропетровська,Дніпро,"35,046183","48,464717",0,0,0,0,0,0,0,0,1,0
04.06.2024,Дніпропетровська,Дніпро,"35,046183","48,464717",0,0,0,0,0,0,0,0,1,0
04.06.2024,Дніпропетровська,Дніпро,"35,046183","48,464717",0,0,0,0,0,0,0,0,1,0
04.06.2024,Дніпропетровська,Дніпро,"35,046183","48,464717",0,0,0,0,0,0,0,0,1,0
04.06.2024,Дніпропетровська,Дніпро,"35,046183","48,464717",0,0,0,0,0,0,0,0,1,0
04.06.2024,Дніпропетровська,Дніпро,"35,046183","48,464717",0,0,0,0,0,0,0,0,1,0
04.06.2024,Дніпропетровська,Дніпро,"35,046183","48,464717",0,0,0,0,0,0,0,0,1,0
04.06.2024,Дніпропетровська,Дніпро,"35,046183","48,464717",0,0,0,0,0,0,0,0,1,0
04.06.2024,Дніпропетровська,Дніпро,"35,046183","48,464717",0,0,0,0,0,0,0,0,1,0
04.06.2024,Дніпропетровська,Дніпро,"35,046183","48,464717",0,0,0,0,0,0,0,0,1,0
04.06.2024,Дніпропетровська,Дніпро,"35,046183","48,464717",0,0,0,0,0,0,0,0,1,0
04.06.2024,Дніпропетровська,Дніпро,"35,046183","48,464717",0,0,0,0,0,0,0,0,1,0
04.06.2024,Дніпропетровська,Дніпро,"35,046183","48,464717",0,0,0,0,0,0,0,0,1,0
04.06.2024,Дніпропетровська,Дніпро,"35,046183","48,464717",0,0,0,0,0,0,0,0,1,0
04.06.2024,Дніпропетровська,Дніпро,"35,046183","48,464717",0,0,0,0,0,0,0,0,1,0
04.06.2024,Дніпропетровська,Дніпро,"35,046183","48,464717",0,0,0,0,0,0,0,0,1,0
04.06.2024,Дніпропетровська,Дніпро,"35,046183","48,464717",0,0,0,0,0,0,0,0,1,0
04.06.2024,Дніпропетровська,Дніпро,"35,046183","48,464717",0,0,0,0,0,0,0,0,1,0
04.06.2024,Дніпропетровська,Дніпро,"35,046183","48,464717",0,0,0,0,0,0,0,0,1,0
04.06.2024,Дніпропетровська,Дніпро,"35,046183","48,464717",0,0,0,0,0,0,0,0,1,0
04.06.2024,Дніпропетровська,Дніпро,"35,046183","48,464717",0,0,0,0,0,0,0,0,1,0
04.06.2024,Дніпропетровська,Дніпро,"35,046183","48,464717",0,0,0,0,0,0,0,0,1,0
04.06.2024,Дніпропетровська,Дніпро,"35,046183","48,464717",0,0,0,0,0,0,0,0,1,0
04.06.2024,Дніпропетровська,Дніпро,"35,046183","48,464717",0,0,0,0,0,0,0,0,1,0
04.06.2024,Дніпропетровська,Дніпро,"35,046183","48,464717",0,0,0,0,0,0,0,0,1,0
04.06.2024,Дніпропетровська,Дніпро,"35,046183","48,464717",0,0,0,0,0,0,0,0,1,0
04.06.2024,Дніпропетровська,Дніпро,"35,046183","48,464717",0,0,0,0,0,0,0,0,1,0
04.06.2024,Дніпропетровська,Дніпро,"35,046183","48,464717",0,0,0,0,0,0,0,0,1,0
04.06.2024,Дніпропетровська,Дніпро,"35,046183","48,464717",0,0,0,0,0,0,0,0,1,0
04.06.2024,Дніпропетровська,Дніпро,"35,046183","48,464717",0,0,0,0,0,0,0,0,1,0
04.06.2024,Дніпропетровська,Дніпро,"35,046183","48,464717",0,0,0,0,0,0,0,0,1,0
04.06.2024,Дніпропетровська,Дніпро,"35,046183","48,464717",0,0,0,0,0,0,0,0,1,0
04.06.2024,Дніпропетровська,Дніпро,"35,046183","48,464717",0,0,0,0,0,0,0,0,1,0
04.06.2024,Дніпропетровська,Дніпро,"35,046183","48,464717",0,0,0,0,0,0,0,0,1,0
04.06.2024,Дніпропетровська,Дніпро,"35,046183","48,464717",0,0,0,0,0,0,0,0,1,0
04.06.2024,Дніпропетровська,Дніпро,"35,046183","48,464717",0,0,0,0,0,0,0,0,1,0
04.06.2024,Дніпропетровська,Дніпро,"35,046183","48,464717",0,0,0,0,0,0,0,0,1,0
04.06.2024,Дніпропетровська,Дніпро,"35,046183","48,464717",0,0,0,0,0,0,0,0,1,0
04.06.2024,Дніпропетровська,Дніпро,"35,046183","48,464717",0,0,0,0,0,0,0,0,1,0
04.06.2024,Дніпропетровська,Дніпро,"35,046183","48,464717",0,0,0,0,0,0,0,0,1,0
04.06.2024,Дніпропетровська,Дніпро,"35,046183","48,464717",0,0,0,0,0,0,0,0,1,0
04.06.2024,Дніпропетровська,Дніпро,"35,046183","48,464717",0,0,0,0,0,0,0,0,1,0
04.06.2024,Харківська,Куп'янськ,"37,6027997","49,7055574",1,0,0,0,1,0,1,0,1,0
04.06.2024,Харківська,Куп'янськ,"37,6027997","49,7055574",0,0,0,0,0,0,0,0,1,0
04.06.2024,Харківська,Харків,"36,3073994","50,0020127",1,0,1,0,0,0,1,0,0,1
04.06.2024,Харківська,Чугуїв,"36,6813122","49,8363158",1,0,0,0,1,0,0,0,1,0
04.06.2024,Харківська,Чугуїв,"36,6813122","49,8363158",0,0,0,0,0,0,0,0,1,0
04.06.2024,Харківська,Чугуїв,"36,6813122","49,8363158",0,0,0,0,0,0,0,0,1,0
04.06.2024,Харківська,Чугуїв,"36,6813122","49,8363158",0,0,0,0,0,0,0,0,1,0
04.06.2024,Сумська,Конотоп,"33,2050521","51,2409432",1,0,1,0,0,0,1,0,1,0
05.06.2024,Одеська,Білгород-Дністровський,"30,3414908","46,1854516",1,1,0,0,0,0,0,0,1,0
05.06.2024,Харківська,Дергачі,"36,1155026","50,1097212",1,0,0,0,1,0,0,0,1,0
05.06.2024,Харківська,Дергачі,"36,1155026","50,1097212",0,0,0,0,0,0,0,0,1,0
05.06.2024,Харківська,Дергачі,"36,1155026","50,1097212",0,0,0,0,0,0,0,0,1,0
05.06.2024,Харківська,Вовчанськ,"36,9329429","50,284234",1,0,0,0,1,0,1,0,1,0
05.06.2024,Харківська,Вовчанськ,"36,9329429","50,284234",1,0,0,0,1,0,0,0,0,0
05.06.2024,Харківська,Вовчанськ,"36,9329429","50,284234",1,0,0,0,1,0,0,0,0,0
05.06.2024,Харківська,Вовчанськ,"36,9329429","50,284234",1,0,0,0,1,0,0,0,0,0
05.06.2024,Харківська,Вовчанськ,"36,9329429","50,284234",1,0,0,0,1,0,0,0,0,0
05.06.2024,Харківська,Чугуїв,"36,6813122","49,8363158",1,0,0,0,1,0,0,0,1,0
05.06.2024,Харківська,Чугуїв,"36,6813122","49,8363158",1,0,0,0,1,0,0,0,0,0
05.06.2024,Харківська,Чугуїв,"36,6813122","49,8363158",1,0,0,0,1,0,0,0,0,0
05.06.2024,Харківська,Чугуїв,"36,6813122","49,8363158",1,0,0,0,1,0,0,0,0,0
05.06.2024,Харківська,Чугуїв,"36,6813122","49,8363158",1,0,0,0,1,0,0,0,0,0
05.06.2024,Донецька,Селідове,"37,297136","48,1475145",1,0,0,0,1,0,1,0,1,0
05.06.2024,Донецька,Селідове,"37,297136","48,1475145",1,0,0,0,1,0,1,0,1,0
05.06.2024,Донецька,Селідове,"37,297136","48,1475145",0,0,0,0,0,0,1,0,1,0
05.06.2024,Донецька,Селідове,"37,297136","48,1475145",0,0,0,0,0,0,1,0,1,0
05.06.2024,Донецька,Селідове,"37,297136","48,1475145",0,0,0,0,0,0,1,0,1,0
05.06.2024,Донецька,Селідове,"37,297136","48,1475145",0,0,0,0,0,0,1,0,1,0
05.06.2024,Донецька,Селідове,"37,297136","48,1475145",0,0,0,0,0,0,0,0,1,0
05.06.2024,Донецька,Селідове,"37,297136","48,1475145",0,0,0,0,0,0,0,0,1,0
05.06.2024,Донецька,Селідове,"37,297136","48,1475145",0,0,0,0,0,0,0,0,1,0
05.06.2024,Донецька,Селідове,"37,297136","48,1475145",0,0,0,0,0,0,0,0,1,0
05.06.2024,Донецька,Селідове,"37,297136","48,1475145",0,0,0,0,0,0,0,0,1,0
05.06.2024,Донецька,Селідове,"37,297136","48,1475145",0,0,0,0,0,0,0,0,1,0
05.06.2024,Донецька,Селідове,"37,297136","48,1475145",0,0,0,0,0,0,0,0,1,0
06.06.2024,Харківська,Ізюм,"37,2665006","49,2121445",1,0,0,0,1,0,1,0,0,0
06.06.2024,Харківська,Ізюм,"37,2665006","49,2121445",0,0,0,0,0,0,1,0,0,0
06.06.2024,Дніпропетровська,Дніпро,"35,046183","48,464717",1,0,1,0,0,0,0,0,0,0
06.06.2024,Дніпропетровська,Дніпро,"35,046183","48,464717",1,0,1,0,0,0,0,0,0,0
07.06.2024,Київська,Київ,"30,5245025","50,4503596",1,0,0,1,0,0,0,0,1,0
07.06.2024,Харківська,Чугуїв,"36,6813122","49,8363158",1,0,0,1,0,0,0,0,0,0
07.06.2024,Харківська,Чугуїв,"36,6813122","49,8363158",1,0,0,1,0,0,0,0,0,0
07.06.2024,Харківська,Чугуїв,"36,6813122","49,8363158",1,0,0,1,0,0,0,0,0,0
08.06.2024,Дніпропетровська,Нікополь,"34,394815","47,56746",1,0,0,1,0,1,1,0,1,0
08.06.2024,Дніпропетровська,Нікополь,"34,394815","47,56746",1,0,0,1,0,0,0,0,1,0
08.06.2024,Дніпропетровська,Нікополь,"34,394815","47,56746",0,0,0,0,0,0,0,0,1,0
08.06.2024,Дніпропетровська,Нікополь,"34,394815","47,56746",0,0,0,0,0,0,0,0,1,0
08.06.2024,Дніпропетровська,Нікополь,"34,394815","47,56746",0,0,0,0,0,0,0,0,1,0
08.06.2024,Дніпропетровська,Нікополь,"34,394815","47,56746",0,0,0,0,0,0,0,0,1,0
08.06.2024,Дніпропетровська,Нікополь,"34,394815","47,56746",0,0,0,0,0,0,0,0,1,0
08.06.2024,Дніпропетровська,Нікополь,"34,394815","47,56746",0,0,0,0,0,0,0,0,1,0
08.06.2024,Дніпропетровська,Нікополь,"34,394815","47,56746",0,0,0,0,0,0,0,0,1,0
08.06.2024,Херсонська,Херсон,"32,616867","46,635417",1,0,0,0,1,1,1,0,1,0
08.06.2024,Херсонська,Херсон,"32,616867","46,635417",1,0,0,0,1,0,1,0,1,0
08.06.2024,Херсонська,Херсон,"32,616867","46,635417",1,0,0,0,1,0,1,0,1,0
08.06.2024,Херсонська,Херсон,"32,616867","46,635417",0,0,0,0,0,0,1,0,1,0
08.06.2024,Херсонська,Херсон,"32,616867","46,635417",0,0,0,0,0,0,0,0,1,0
08.06.2024,Харківська,Куп'янськ,"37,6027997","49,7055574",1,0,0,1,1,1,1,0,1,0
08.06.2024,Харківська,Куп'янськ,"37,6027997","49,7055574",1,0,0,0,1,0,0,0,1,0
08.06.2024,Харківська,Куп'янськ,"37,6027997","49,7055574",1,0,0,0,0,0,0,0,1,0
08.06.2024,Харківська,Куп'янськ,"37,6027997","49,7055574",0,0,0,0,0,0,0,0,1,0
08.06.2024,Харківська,Куп'янськ,"37,6027997","49,7055574",0,0,0,0,0,0,0,0,1,0
09.06.2024,Харківська,Дергачі,"36,1155026","50,1097212",1,0,0,0,1,0,1,0,1,0
09.06.2024,Харківська,Дергачі,"36,1155026","50,1097212",1,0,0,0,1,0,0,0,1,0
09.06.2024,Харківська,Дергачі,"36,1155026","50,1097212",0,0,0,0,0,0,0,0,1,0
09.06.2024,Харківська,Дергачі,"36,1155026","50,1097212",0,0,0,0,0,0,0,0,1,0
09.06.2024,Харківська,Куп'янськ,"37,6027997","49,7055574",1,0,0,0,1,1,1,0,1,1
09.06.2024,Харківська,Куп'янськ,"37,6027997","49,7055574",1,0,0,0,1,0,1,0,1,1
09.06.2024,Харківська,Куп'янськ,"37,6027997","49,7055574",0,0,0,0,0,0,1,0,0,0
09.06.2024,Харківська,Харків,"36,3073994","50,0020127",1,0,0,0,1,0,0,0,1,0
09.06.2024,Харківська,Харків,"36,3073994","50,0020127",1,0,0,0,1,0,0,0,1,0
09.06.2024,Харківська,Харків,"36,3073994","50,0020127",1,0,0,0,1,0,0,0,1,0
09.06.2024,Харківська,Харків,"36,3073994","50,0020127",0,0,0,0,0,0,0,0,1,0
09.06.2024,Харківська,Харків,"36,3073994","50,0020127",0,0,0,0,0,0,0,0,1,0
06.01.2024,Донецька,Покровськ,"37,1847804","48,282193",1,0,1,0,0,1,1,0,1,0
06.01.2024,Донецька,Покровськ,"37,1847804","48,282193",1,0,1,0,0,1,1,0,1,0
06.01.2024,Донецька,Покровськ,"37,1847804","48,282193",1,0,1,0,0,1,1,0,1,0
06.01.2024,Донецька,Покровськ,"37,1847804","48,282193",1,0,1,0,0,1,1,0,0,0
06.01.2024,Донецька,Покровськ,"37,1847804","48,282193",1,0,1,0,0,1,1,0,0,0
06.01.2024,Донецька,Покровськ,"37,1847804","48,282193",1,0,1,0,0,1,1,0,0,0
06.01.2024,Донецька,Покровськ,"37,1847804","48,282193",1,0,1,0,0,1,1,0,0,0
06.01.2024,Донецька,Покровськ,"37,1847804","48,282193",1,0,1,0,0,1,1,0,0,0
06.01.2024,Донецька,Покровськ,"37,1847804","48,282193",0,0,0,0,0,1,1,0,0,0
06.01.2024,Донецька,Покровськ,"37,1847804","48,282193",0,0,0,0,0,1,1,0,0,0
06.01.2024,Донецька,Покровськ,"37,1847804","48,282193",0,0,0,0,0,1,0,0,0,0
06.01.2024,Донецька,Покровськ,"37,1847804","48,282193",0,0,0,0,0,1,0,0,0,0
10.06.2024,Харківська,Золочів,"35,9760431","50,2690697",1,0,0,0,1,0,0,0,1,0
10.06.2024,Харківська,Золочів,"35,9760431","50,2690697",1,0,0,0,1,0,0,0,1,0
10.06.2024,Харківська,Золочів,"35,9760431","50,2690697",1,0,0,0,1,0,0,0,1,0
10.06.2024,Харківська,Чугуїв,"36,6813122","49,8363158",1,0,0,0,1,0,0,0,1,0
10.06.2024,Харківська,Чугуїв,"36,6813122","49,8363158",1,0,0,0,1,0,0,0,0,0
10.06.2024,Харківська,Харків,"36,3073994","50,0020127",1,0,0,0,1,1,1,0,1,0
10.06.2024,Харківська,Харків,"36,3073994","50,0020127",1,0,0,0,1,0,1,0,1,0
10.06.2024,Харківська,Харків,"36,3073994","50,0020127",1,0,0,0,1,0,1,0,1,0
10.06.2024,Харківська,Харків,"36,3073994","50,0020127",0,0,0,0,0,0,1,0,1,0
10.06.2024,Харківська,Харків,"36,3073994","50,0020127",0,0,0,0,0,0,1,0,1,0
10.06.2024,Харківська,Харків,"36,3073994","50,0020127",0,0,0,0,0,0,1,0,1,0
10.06.2024,Харківська,Харків,"36,3073994","50,0020127",0,0,0,0,0,0,1,0,1,0
10.06.2024,Харківська,Харків,"36,3073994","50,0020127",0,0,0,0,0,0,0,0,1,0
10.06.2024,Харківська,Харків,"36,3073994","50,0020127",0,0,0,0,0,0,0,0,1,0
10.06.2024,Харківська,Харків,"36,3073994","50,0020127",0,0,0,0,0,0,0,0,1,0
10.06.2024,Харківська,Харків,"36,3073994","50,0020127",0,0,0,0,0,0,0,0,1,0
10.06.2024,Харківська,Харків,"36,3073994","50,0020127",0,0,0,0,0,0,0,0,1,0
10.06.2024,Харківська,Харків,"36,3073994","50,0020127",0,0,0,0,0,0,0,0,1,0
10.06.2024,Харківська,Харків,"36,3073994","50,0020127",0,0,0,0,0,0,0,0,1,0
10.06.2024,Харківська,Харків,"36,3073994","50,0020127",0,0,0,0,0,0,0,0,1,0
10.06.2024,Харківська,Харків,"36,3073994","50,0020127",0,0,0,0,0,0,0,0,1,0
10.06.2024,Харківська,Харків,"36,3073994","50,0020127",0,0,0,0,0,0,0,0,1,0
10.06.2024,Харківська,Харків,"36,3073994","50,0020127",0,0,0,0,0,0,0,0,1,0
10.06.2024,Харківська,Харків,"36,3073994","50,0020127",0,0,0,0,0,0,0,0,1,0
10.06.2024,Харківська,Харків,"36,3073994","50,0020127",0,0,0,0,0,0,0,0,1,0
10.06.2024,Харківська,Харків,"36,3073994","50,0020127",0,0,0,0,0,0,0,0,1,0
10.06.2024,Харківська,Харків,"36,3073994","50,0020127",0,0,0,0,0,0,0,0,1,0
10.06.2024,Харківська,Харків,"36,3073994","50,0020127",0,0,0,0,0,0,0,0,1,0
10.06.2024,Харківська,Харків,"36,3073994","50,0020127",0,0,0,0,0,0,0,0,1,0
10.06.2024,Харківська,Харків,"36,3073994","50,0020127",0,0,0,0,0,0,0,0,1,0
10.06.2024,Харківська,Харків,"36,3073994","50,0020127",0,0,0,0,0,0,0,0,1,0
10.06.2024,Харківська,Харків,"36,3073994","50,0020127",0,0,0,0,0,0,0,0,1,0
10.06.2024,Харківська,Харків,"36,3073994","50,0020127",0,0,0,0,0,0,0,0,1,0
10.06.2024,Харківська,Харків,"36,3073994","50,0020127",0,0,0,0,0,0,0,0,1,0
10.06.2024,Харківська,Харків,"36,3073994","50,0020127",0,0,0,0,0,0,0,0,1,0
10.06.2024,Харківська,Харків,"36,3073994","50,0020127",0,0,0,0,0,0,0,0,1,0
10.06.2024,Харківська,Харків,"36,3073994","50,0020127",0,0,0,0,0,0,0,0,1,0
10.06.2024,Харківська,Харків,"36,3073994","50,0020127",0,0,0,0,0,0,0,0,1,0
10.06.2024,Харківська,Харків,"36,3073994","50,0020127",0,0,0,0,0,0,0,0,1,0
10.06.2024,Харківська,Харків,"36,3073994","50,0020127",0,0,0,0,0,0,0,0,1,0
10.06.2024,Харківська,Харків,"36,3073994","50,0020127",0,0,0,0,0,0,0,0,1,0
10.06.2024,Харківська,Харків,"36,3073994","50,0020127",0,0,0,0,0,0,0,0,1,0
10.06.2024,Харківська,Харків,"36,3073994","50,0020127",0,0,0,0,0,0,0,0,1,0
10.06.2024,Харківська,Харків,"36,3073994","50,0020127",0,0,0,0,0,0,0,0,1,0
10.06.2024,Харківська,Харків,"36,3073994","50,0020127",0,0,0,0,0,0,0,0,1,0
10.06.2024,Харківська,Харків,"36,3073994","50,0020127",0,0,0,0,0,0,0,0,1,0
10.06.2024,Харківська,Харків,"36,3073994","50,0020127",0,0,0,0,0,0,0,0,1,0
10.06.2024,Харківська,Харків,"36,3073994","50,0020127",0,0,0,0,0,0,0,0,1,0
10.06.2024,Харківська,Харків,"36,3073994","50,0020127",0,0,0,0,0,0,0,0,1,0
10.06.2024,Харківська,Харків,"36,3073994","50,0020127",0,0,0,0,0,0,0,0,1,0
10.06.2024,Харківська,Харків,"36,3073994","50,0020127",0,0,0,0,0,0,0,0,1,0
10.06.2024,Харківська,Харків,"36,3073994","50,0020127",0,0,0,0,0,0,0,0,1,0
10.06.2024,Харківська,Харків,"36,3073994","50,0020127",0,0,0,0,0,0,0,0,1,0
10.06.2024,Харківська,Харків,"36,3073994","50,0020127",0,0,0,0,0,0,0,0,1,0
10.06.2024,Харківська,Харків,"36,3073994","50,0020127",0,0,0,0,0,0,0,0,1,0
10.06.2024,Харківська,Харків,"36,3073994","50,0020127",0,0,0,0,0,0,0,0,1,0
10.06.2024,Харківська,Харків,"36,3073994","50,0020127",0,0,0,0,0,0,0,0,1,0
10.06.2024,Харківська,Харків,"36,3073994","50,0020127",0,0,0,0,0,0,0,0,1,0
10.06.2024,Харківська,Харків,"36,3073994","50,0020127",0,0,0,0,0,0,0,0,1,0
10.06.2024,Харківська,Харків,"36,3073994","50,0020127",0,0,0,0,0,0,0,0,1,0
10.06.2024,Харківська,Харків,"36,3073994","50,0020127",0,0,0,0,0,0,0,0,1,0
10.06.2024,Харківська,Харків,"36,3073994","50,0020127",0,0,0,0,0,0,0,0,1,0
10.06.2024,Харківська,Харків,"36,3073994","50,0020127",0,0,0,0,0,0,0,0,1,0
10.06.2024,Харківська,Харків,"36,3073994","50,0020127",0,0,0,0,0,0,0,0,1,0
10.06.2024,Харківська,Харків,"36,3073994","50,0020127",0,0,0,0,0,0,0,0,1,0
10.06.2024,Харківська,Харків,"36,3073994","50,0020127",0,0,0,0,0,0,0,0,1,0
10.06.2024,Харківська,Харків,"36,3073994","50,0020127",0,0,0,0,0,0,0,0,1,0
10.06.2024,Харківська,Харків,"36,3073994","50,0020127",0,0,0,0,0,0,0,0,1,0
10.06.2024,Харківська,Харків,"36,3073994","50,0020127",0,0,0,0,0,0,0,0,1,0
10.06.2024,Харківська,Харків,"36,3073994","50,0020127",0,0,0,0,0,0,0,0,1,0
10.06.2024,Харківська,Харків,"36,3073994","50,0020127",0,0,0,0,0,0,0,0,1,0
10.06.2024,Харківська,Харків,"36,3073994","50,0020127",0,0,0,0,0,0,0,0,1,0
10.06.2024,Харківська,Харків,"36,3073994","50,0020127",0,0,0,0,0,0,0,0,1,0
10.06.2024,Харківська,Харків,"36,3073994","50,0020127",0,0,0,0,0,0,0,0,1,0
10.06.2024,Харківська,Харків,"36,3073994","50,0020127",0,0,0,0,0,0,0,0,1,0
10.06.2024,Харківська,Харків,"36,3073994","50,0020127",0,0,0,0,0,0,0,0,1,0
10.06.2024,Харківська,Харків,"36,3073994","50,0020127",0,0,0,0,0,0,0,0,1,0
10.06.2024,Харківська,Харків,"36,3073994","50,0020127",0,0,0,0,0,0,0,0,1,0
10.06.2024,Харківська,Харків,"36,3073994","50,0020127",0,0,0,0,0,0,0,0,1,0
10.06.2024,Харківська,Харків,"36,3073994","50,0020127",0,0,0,0,0,0,0,0,1,0
10.06.2024,Харківська,Харків,"36,3073994","50,0020127",0,0,0,0,0,0,0,0,1,0
10.06.2024,Харківська,Харків,"36,3073994","50,0020127",0,0,0,0,0,0,0,0,1,0
10.06.2024,Харківська,Харків,"36,3073994","50,0020127",0,0,0,0,0,0,0,0,1,0
10.06.2024,Харківська,Харків,"36,3073994","50,0020127",0,0,0,0,0,0,0,0,1,0
10.06.2024,Харківська,Харків,"36,3073994","50,0020127",0,0,0,0,0,0,0,0,1,0
10.06.2024,Харківська,Харків,"36,3073994","50,0020127",0,0,0,0,0,0,0,0,1,0
10.06.2024,Харківська,Харків,"36,3073994","50,0020127",0,0,0,0,0,0,0,0,1,0
10.06.2024,Харківська,Харків,"36,3073994","50,0020127",0,0,0,0,0,0,0,0,1,0
10.06.2024,Харківська,Харків,"36,3073994","50,0020127",0,0,0,0,0,0,0,0,1,0
10.06.2024,Харківська,Харків,"36,3073994","50,0020127",0,0,0,0,0,0,0,0,1,0
10.06.2024,Харківська,Харків,"36,3073994","50,0020127",0,0,0,0,0,0,0,0,1,0
10.06.2024,Харківська,Харків,"36,3073994","50,0020127",0,0,0,0,0,0,0,0,1,0
10.06.2024,Харківська,Харків,"36,3073994","50,0020127",0,0,0,0,0,0,0,0,1,0
10.06.2024,Харківська,Харків,"36,3073994","50,0020127",0,0,0,0,0,0,0,0,1,0
10.06.2024,Харківська,Харків,"36,3073994","50,0020127",0,0,0,0,0,0,0,0,1,0
10.06.2024,Харківська,Харків,"36,3073994","50,0020127",0,0,0,0,0,0,0,0,1,0
10.06.2024,Харківська,Харків,"36,3073994","50,0020127",0,0,0,0,0,0,0,0,1,0
10.06.2024,Харківська,Харків,"36,3073994","50,0020127",0,0,0,0,0,0,0,0,1,0
10.06.2024,Харківська,Харків,"36,3073994","50,0020127",0,0,0,0,0,0,0,0,1,0
10.06.2024,Харківська,Харків,"36,3073994","50,0020127",0,0,0,0,0,0,0,0,1,0
10.06.2024,Харківська,Харків,"36,3073994","50,0020127",0,0,0,0,0,0,0,0,1,0
10.06.2024,Харківська,Харків,"36,3073994","50,0020127",0,0,0,0,0,0,0,0,1,0
10.06.2024,Харківська,Харків,"36,3073994","50,0020127",0,0,0,0,0,0,0,0,1,0
10.06.2024,Харківська,Харків,"36,3073994","50,0020127",0,0,0,0,0,0,0,0,1,0
10.06.2024,Харківська,Харків,"36,3073994","50,0020127",0,0,0,0,0,0,0,0,1,0
10.06.2024,Харківська,Харків,"36,3073994","50,0020127",0,0,0,0,0,0,0,0,1,0
10.06.2024,Харківська,Харків,"36,3073994","50,0020127",0,0,0,0,0,0,0,0,1,0
10.06.2024,Харківська,Харків,"36,3073994","50,0020127",0,0,0,0,0,0,0,0,1,0
10.06.2024,Харківська,Харків,"36,3073994","50,0020127",0,0,0,0,0,0,0,0,1,0
10.06.2024,Харківська,Харків,"36,3073994","50,0020127",0,0,0,0,0,0,0,0,1,0
10.06.2024,Харківська,Харків,"36,3073994","50,0020127",0,0,0,0,0,0,0,0,1,0
10.06.2024,Харківська,Харків,"36,3073994","50,0020127",0,0,0,0,0,0,0,0,1,0
10.06.2024,Харківська,Харків,"36,3073994","50,0020127",0,0,0,0,0,0,0,0,1,0
10.06.2024,Харківська,Харків,"36,3073994","50,0020127",0,0,0,0,0,0,0,0,1,0
10.06.2024,Харківська,Харків,"36,3073994","50,0020127",0,0,0,0,0,0,0,0,1,0
10.06.2024,Харківська,Харків,"36,3073994","50,0020127",0,0,0,0,0,0,0,0,1,0
10.06.2024,Харківська,Харків,"36,3073994","50,0020127",0,0,0,0,0,0,0,0,1,0
10.06.2024,Харківська,Харків,"36,3073994","50,0020127",0,0,0,0,0,0,0,0,1,0
10.06.2024,Харківська,Харків,"36,3073994","50,0020127",0,0,0,0,0,0,0,0,1,0
10.06.2024,Харківська,Харків,"36,3073994","50,0020127",0,0,0,0,0,0,0,0,1,0
10.06.2024,Харківська,Харків,"36,3073994","50,0020127",0,0,0,0,0,0,0,0,1,0
10.06.2024,Харківська,Харків,"36,3073994","50,0020127",0,0,0,0,0,0,0,0,1,0
10.06.2024,Харківська,Харків,"36,3073994","50,0020127",0,0,0,0,0,0,0,0,1,0
10.06.2024,Харківська,Харків,"36,3073994","50,0020127",0,0,0,0,0,0,0,0,1,0
10.06.2024,Харківська,Харків,"36,3073994","50,0020127",0,0,0,0,0,0,0,0,1,0
10.06.2024,Харківська,Харків,"36,3073994","50,0020127",0,0,0,0,0,0,0,0,1,0
10.06.2024,Харківська,Харків,"36,3073994","50,0020127",0,0,0,0,0,0,0,0,1,0
10.06.2024,Харківська,Харків,"36,3073994","50,0020127",0,0,0,0,0,0,0,0,1,0
10.06.2024,Харківська,Харків,"36,3073994","50,0020127",0,0,0,0,0,0,0,0,1,0
10.06.2024,Харківська,Харків,"36,3073994","50,0020127",0,0,0,0,0,0,0,0,1,0
10.06.2024,Харківська,Харків,"36,3073994","50,0020127",0,0,0,0,0,0,0,0,1,0
10.06.2024,Харківська,Харків,"36,3073994","50,0020127",0,0,0,0,0,0,0,0,1,0
10.06.2024,Харківська,Харків,"36,3073994","50,0020127",0,0,0,0,0,0,0,0,1,0
10.06.2024,Харківська,Харків,"36,3073994","50,0020127",0,0,0,0,0,0,0,0,1,0
10.06.2024,Харківська,Харків,"36,3073994","50,0020127",0,0,0,0,0,0,0,0,1,0
10.06.2024,Харківська,Харків,"36,3073994","50,0020127",0,0,0,0,0,0,0,0,1,0
10.06.2024,Харківська,Харків,"36,3073994","50,0020127",0,0,0,0,0,0,0,0,1,0
10.06.2024,Харківська,Харків,"36,3073994","50,0020127",0,0,0,0,0,0,0,0,1,0
10.06.2024,Харківська,Харків,"36,3073994","50,0020127",0,0,0,0,0,0,0,0,1,0
10.06.2024,Харківська,Харків,"36,3073994","50,0020127",0,0,0,0,0,0,0,0,1,0
10.06.2024,Харківська,Харків,"36,3073994","50,0020127",0,0,0,0,0,0,0,0,1,0
10.06.2024,Херсонська,Берислав,"33,4273644","46,8433183",1,0,0,0,1,0,1,0,1,0
10.06.2024,Херсонська,Берислав,"33,4273644","46,8433183",1,0,0,0,1,0,1,0,1,0
10.06.2024,Херсонська,Берислав,"33,4273644","46,8433183",0,0,0,0,0,0,1,0,1,0
10.06.2024,Херсонська,Берислав,"33,4273644","46,8433183",0,0,0,0,0,0,0,0,1,0
10.06.2024,Херсонська,Берислав,"33,4273644","46,8433183",0,0,0,0,0,0,0,0,1,0
10.06.2024,Херсонська,Берислав,"33,4273644","46,8433183",0,0,0,0,0,0,0,0,1,0
10.06.2024,Херсонська,Берислав,"33,4273644","46,8433183",0,0,0,0,0,0,0,0,1,0
11.06.2024,Миколаївська,Миколаїв,"32,003246","46,9660801",1,0,0,1,0,0,0,0,1,0
11.06.2024,Миколаївська,Миколаїв,"32,003246","46,9660801",1,0,0,1,0,0,0,0,1,0
11.06.2024,Миколаївська,Миколаїв,"32,003246","46,9660801",0,0,0,0,0,0,0,0,1,0
11.06.2024,Миколаївська,Миколаїв,"32,003246","46,9660801",0,0,0,0,0,0,0,0,1,0
11.06.2024,Миколаївська,Миколаїв,"32,003246","46,9660801",0,0,0,0,0,0,0,0,1,0
11.06.2024,Донецька,Сіверськ,"38,1047909","48,873935",1,0,0,0,1,0,0,0,1,0
12.06.2024,Херсонська,Херсон,"32,616867","46,635417",1,0,0,1,0,0,0,0,0,1
12.06.2024,Київська,Васильків,"30,3196385","50,1770891",1,0,1,0,0,0,1,0,1,0
12.06.2024,Одеська,Затока,"30,4528371","46,0662541",1,1,0,0,0,0,0,0,1,0
12.06.2024,Одеська,Затока,"30,4528371","46,0662541",0,0,0,0,0,0,0,0,1,0
12.06.2024,Одеська,Затока,"30,4528371","46,0662541",0,0,0,0,0,0,0,0,1,0
12.06.2024,Одеська,Затока,"30,4528371","46,0662541",0,0,0,0,0,0,0,0,1,0
12.06.2024,Одеська,Затока,"30,4528371","46,0662541",0,0,0,0,0,0,0,0,1,0
12.06.2024,Дніпропетровська,Кривий Ріг,"33,391783","47,910483",1,1,0,0,0,1,1,0,1,0
12.06.2024,Дніпропетровська,Кривий Ріг,"33,391783","47,910483",0,0,0,0,0,1,1,0,1,0
12.06.2024,Дніпропетровська,Кривий Ріг,"33,391783","47,910483",0,0,0,0,0,1,1,0,1,0
12.06.2024,Дніпропетровська,Кривий Ріг,"33,391783","47,910483",0,0,0,0,0,1,1,0,1,0
12.06.2024,Дніпропетровська,Кривий Ріг,"33,391783","47,910483",0,0,0,0,0,1,1,0,1,0
12.06.2024,Дніпропетровська,Кривий Ріг,"33,391783","47,910483",0,0,0,0,0,1,1,0,1,0
12.06.2024,Дніпропетровська,Кривий Ріг,"33,391783","47,910483",0,0,0,0,0,1,1,0,1,0
12.06.2024,Дніпропетровська,Кривий Ріг,"33,391783","47,910483",0,0,0,0,0,1,1,0,1,0
12.06.2024,Дніпропетровська,Кривий Ріг,"33,391783","47,910483",0,0,0,0,0,1,1,0,1,0
12.06.2024,Дніпропетровська,Кривий Ріг,"33,391783","47,910483",0,0,0,0,0,1,1,0,1,0
12.06.2024,Дніпропетровська,Кривий Ріг,"33,391783","47,910483",0,0,0,0,0,1,1,0,1,0
12.06.2024,Дніпропетровська,Кривий Ріг,"33,391783","47,910483",0,0,0,0,0,1,1,0,1,0
12.06.2024,Дніпропетровська,Кривий Ріг,"33,391783","47,910483",0,0,0,0,0,1,1,0,1,0
12.06.2024,Дніпропетровська,Кривий Ріг,"33,391783","47,910483",0,0,0,0,0,0,1,0,1,0
12.06.2024,Дніпропетровська,Кривий Ріг,"33,391783","47,910483",0,0,0,0,0,0,1,0,1,0
12.06.2024,Дніпропетровська,Кривий Ріг,"33,391783","47,910483",0,0,0,0,0,0,1,0,1,0
12.06.2024,Дніпропетровська,Кривий Ріг,"33,391783","47,910483",0,0,0,0,0,0,1,0,1,0
12.06.2024,Дніпропетровська,Кривий Ріг,"33,391783","47,910483",0,0,0,0,0,0,1,0,1,0
12.06.2024,Дніпропетровська,Кривий Ріг,"33,391783","47,910483",0,0,0,0,0,0,1,0,1,0
12.06.2024,Дніпропетровська,Кривий Ріг,"33,391783","47,910483",0,0,0,0,0,0,1,0,1,0
12.06.2024,Дніпропетровська,Кривий Ріг,"33,391783","47,910483",0,0,0,0,0,0,1,0,1,0
12.06.2024,Дніпропетровська,Кривий Ріг,"33,391783","47,910483",0,0,0,0,0,0,1,0,1,0
12.06.2024,Дніпропетровська,Кривий Ріг,"33,391783","47,910483",0,0,0,0,0,0,1,0,1,0
12.06.2024,Дніпропетровська,Кривий Ріг,"33,391783","47,910483",0,0,0,0,0,0,1,0,1,0
12.06.2024,Дніпропетровська,Кривий Ріг,"33,391783","47,910483",0,0,0,0,0,0,1,0,1,0
12.06.2024,Дніпропетровська,Кривий Ріг,"33,391783","47,910483",0,0,0,0,0,0,1,0,1,0
12.06.2024,Дніпропетровська,Кривий Ріг,"33,391783","47,910483",0,0,0,0,0,0,1,0,1,0
12.06.2024,Дніпропетровська,Кривий Ріг,"33,391783","47,910483",0,0,0,0,0,0,1,0,1,0
12.06.2024,Дніпропетровська,Кривий Ріг,"33,391783","47,910483",0,0,0,0,0,0,1,0,1,0
12.06.2024,Дніпропетровська,Кривий Ріг,"33,391783","47,910483",0,0,0,0,0,0,0,0,1,0
12.06.2024,Дніпропетровська,Кривий Ріг,"33,391783","47,910483",0,0,0,0,0,0,0,0,1,0
12.06.2024,Дніпропетровська,Кривий Ріг,"33,391783","47,910483",0,0,0,0,0,0,0,0,1,0
12.06.2024,Дніпропетровська,Кривий Ріг,"33,391783","47,910483",0,0,0,0,0,0,0,0,1,0
12.06.2024,Дніпропетровська,Кривий Ріг,"33,391783","47,910483",0,0,0,0,0,0,0,0,1,0
12.06.2024,Дніпропетровська,Кривий Ріг,"33,391783","47,910483",0,0,0,0,0,0,0,0,1,0
12.06.2024,Дніпропетровська,Кривий Ріг,"33,391783","47,910483",0,0,0,0,0,0,0,0,1,0
12.06.2024,Дніпропетровська,Кривий Ріг,"33,391783","47,910483",0,0,0,0,0,0,0,0,1,0
12.06.2024,Дніпропетровська,Кривий Ріг,"33,391783","47,910483",0,0,0,0,0,0,0,0,1,0
12.06.2024,Дніпропетровська,Кривий Ріг,"33,391783","47,910483",0,0,0,0,0,0,0,0,1,0
12.06.2024,Дніпропетровська,Кривий Ріг,"33,391783","47,910483",0,0,0,0,0,0,0,0,1,0
12.06.2024,Дніпропетровська,Кривий Ріг,"33,391783","47,910483",0,0,0,0,0,0,0,0,1,0
12.06.2024,Дніпропетровська,Кривий Ріг,"33,391783","47,910483",0,0,0,0,0,0,0,0,1,0
12.06.2024,Дніпропетровська,Кривий Ріг,"33,391783","47,910483",0,0,0,0,0,0,0,0,1,0
12.06.2024,Дніпропетровська,Кривий Ріг,"33,391783","47,910483",0,0,0,0,0,0,0,0,1,0
13.06.2024,Харківська,Куп'янськ,"37,6027997","49,7055574",1,0,0,0,1,0,0,0,1,0
13.06.2024,Харківська,Куп'янськ,"37,6027997","49,7055574",1,0,0,0,1,0,0,0,1,0
13.06.2024,Харківська,Куп'янськ,"37,6027997","49,7055574",1,0,0,0,1,0,0,0,1,0
13.06.2024,Харківська,Куп'янськ,"37,6027997","49,7055574",1,0,0,0,1,0,0,0,1,0
13.06.2024,Харківська,Куп'янськ,"37,6027997","49,7055574",1,0,0,0,1,0,0,0,1,0
13.06.2024,Харківська,Куп'янськ,"37,6027997","49,7055574",0,0,0,0,0,0,0,0,1,0
13.06.2024,Харківська,Куп'янськ,"37,6027997","49,7055574",0,0,0,0,0,0,0,0,1,0
13.06.2024,Харківська,Куп'янськ,"37,6027997","49,7055574",0,0,0,0,0,0,0,0,1,0
13.06.2024,Харківська,Куп'янськ,"37,6027997","49,7055574",0,0,0,0,0,0,0,0,1,0
13.06.2024,Харківська,Куп'янськ,"37,6027997","49,7055574",0,0,0,0,0,0,0,0,1,0
13.06.2024,Харківська,Чугуїв,"36,6813122","49,8363158",1,0,0,0,1,0,1,0,1,0
13.06.2024,Харківська,Чугуїв,"36,6813122","49,8363158",1,0,0,0,1,0,1,0,1,0
13.06.2024,Харківська,Чугуїв,"36,6813122","49,8363158",1,0,0,0,1,0,1,0,1,0
13.06.2024,Харківська,Чугуїв,"36,6813122","49,8363158",1,0,0,0,1,0,1,0,1,0
13.06.2024,Харківська,Чугуїв,"36,6813122","49,8363158",1,0,0,0,1,0,1,0,1,0
13.06.2024,Харківська,Чугуїв,"36,6813122","49,8363158",1,0,0,0,1,0,1,0,1,0
13.06.2024,Харківська,Чугуїв,"36,6813122","49,8363158",1,0,0,0,1,0,1,0,1,0
13.06.2024,Харківська,Чугуїв,"36,6813122","49,8363158",1,0,0,0,1,0,1,0,1,0
13.06.2024,Харківська,Чугуїв,"36,6813122","49,8363158",1,0,0,0,1,0,1,0,1,0
13.06.2024,Харківська,Чугуїв,"36,6813122","49,8363158",1,0,0,0,1,0,1,0,1,0
13.06.2024,Харківська,Чугуїв,"36,6813122","49,8363158",0,0,0,0,0,0,1,0,0,0
13.06.2024,Харківська,Чугуїв,"36,6813122","49,8363158",0,0,0,0,0,0,1,0,0,0
13.06.2024,Харківська,Чугуїв,"36,6813122","49,8363158",0,0,0,0,0,0,1,0,0,0
13.06.2024,Харківська,Чугуїв,"36,6813122","49,8363158",0,0,0,0,0,0,1,0,0,0
13.06.2024,Харківська,Чугуїв,"36,6813122","49,8363158",0,0,0,0,0,0,1,0,0,0
14.06.2024,Харківська,Ізюм,"37,2665006","49,2121445",1,0,0,0,1,0,1,0,1,0
14.06.2024,Харківська,Ізюм,"37,2665006","49,2121445",1,0,0,0,1,0,1,0,1,0
14.06.2024,Харківська,Ізюм,"37,2665006","49,2121445",0,0,0,0,0,0,0,0,1,0
14.06.2024,Харківська,Куп'янськ,"37,6027997","49,7055574",1,0,0,0,1,1,0,0,1,0
14.06.2024,Харківська,Куп'янськ,"37,6027997","49,7055574",0,0,0,0,0,0,0,0,1,0
14.06.2024,Харківська,Чугуїв,"36,6813122","49,8363158",1,0,0,0,1,0,0,0,1,0
14.06.2024,Харківська,Чугуїв,"36,6813122","49,8363158",0,0,0,0,0,0,0,0,1,0
15.06.2024,Сумська,Білопілля,"34,3175225","51,149402",1,0,0,0,1,0,0,0,1,0
15.06.2024,Сумська,Білопілля,"34,3175225","51,149402",1,0,0,0,1,0,0,0,1,0
15.06.2024,Сумська,Білопілля,"34,3175225","51,149402",1,0,0,0,1,0,0,0,0,0
15.06.2024,Сумська,Білопілля,"34,3175225","51,149402",1,0,0,0,1,0,0,0,0,0
15.06.2024,Сумська,Білопілля,"34,3175225","51,149402",1,0,0,0,1,0,0,0,0,0
15.06.2024,Сумська,Білопілля,"34,3175225","51,149402",1,0,0,0,1,0,0,0,0,0
15.06.2024,Сумська,Білопілля,"34,3175225","51,149402",1,0,0,0,1,0,0,0,0,0
15.06.2024,Сумська,Білопілля,"34,3175225","51,149402",1,0,0,0,1,0,0,0,0,0
15.06.2024,Сумська,Білопілля,"34,3175225","51,149402",1,0,0,0,1,0,0,0,0,0
15.06.2024,Сумська,Білопілля,"34,3175225","51,149402",1,0,0,0,1,0,0,0,0,0
15.06.2024,Сумська,Білопілля,"34,3175225","51,149402",1,0,0,0,1,0,0,0,0,0
15.06.2024,Сумська,Білопілля,"34,3175225","51,149402",1,0,0,0,1,0,0,0,0,0
15.06.2024,Харківська,Куп'янськ,"37,6027997","49,7055574",1,0,0,0,1,0,1,0,1,0
15.06.2024,Харківська,Куп'янськ,"37,6027997","49,7055574",1,0,0,0,1,0,0,0,1,0
15.06.2024,Харківська,Куп'янськ,"37,6027997","49,7055574",1,0,0,0,1,0,0,0,1,0
16.06.2024,Сумська,Краснопілля,"35,267666","50,7671084",1,0,0,0,1,0,0,0,0,1
16.06.2024,Сумська,Краснопілля,"35,267666","50,7671084",1,0,0,0,1,0,0,0,0,1
16.06.2024,Сумська,Краснопілля,"35,267666","50,7671084",1,0,0,0,1,0,0,0,0,1
16.06.2024,Сумська,Краснопілля,"35,267666","50,7671084",1,0,0,0,1,0,0,0,0,1
16.06.2024,Сумська,Краснопілля,"35,267666","50,7671084",1,0,0,0,1,0,0,0,0,1
16.06.2024,Сумська,Краснопілля,"35,267666","50,7671084",1,0,0,0,1,0,0,0,0,0
16.06.2024,Сумська,Краснопілля,"35,267666","50,7671084",1,0,0,0,1,0,0,0,0,0
16.06.2024,Сумська,Краснопілля,"35,267666","50,7671084",1,0,0,0,1,0,0,0,0,0
16.06.2024,Сумська,Краснопілля,"35,267666","50,7671084",1,0,0,0,1,0,0,0,0,0
16.06.2024,Сумська,Краснопілля,"35,267666","50,7671084",1,0,0,0,1,0,0,0,0,0
16.06.2024,Сумська,Краснопілля,"35,267666","50,7671084",1,0,0,0,1,0,0,0,0,0
16.06.2024,Сумська,Краснопілля,"35,267666","50,7671084",1,0,0,0,1,0,0,0,0,0
16.06.2024,Сумська,Краснопілля,"35,267666","50,7671084",1,0,0,0,1,0,0,0,0,0
16.06.2024,Сумська,Краснопілля,"35,267666","50,7671084",1,0,0,0,1,0,0,0,0,0
16.06.2024,Сумська,Краснопілля,"35,267666","50,7671084",1,0,0,0,1,0,0,0,0,0
16.06.2024,Сумська,Краснопілля,"35,267666","50,7671084",1,0,0,0,1,0,0,0,0,0
16.06.2024,Харківська,Ізюм,"37,2665006","49,2121445",1,0,0,0,1,0,1,0,1,0
16.06.2024,Харківська,Ізюм,"37,2665006","49,2121445",1,0,0,0,1,0,1,0,0,0
16.06.2024,Харківська,Ізюм,"37,2665006","49,2121445",0,0,0,0,0,0,1,0,0,0
17.06.2024,Одеська,Одеса,"30,7306393","46,4702111",1,1,0,0,0,0,0,0,1,0
17.06.2024,Харківська,Харків,"36,3073994","50,0020127",1,0,0,0,1,0,0,0,0,1
17.06.2024,Харківська,Харків,"36,3073994","50,0020127",1,0,0,0,1,0,0,0,0,0
17.06.2024,Полтавська,Полтава,"34,551417","49,588267",1,0,1,0,0,0,0,1,0,1
17.06.2024,Полтавська,Полтава,"34,551417","49,588267",0,0,0,0,0,0,0,0,0,1
17.06.2024,Полтавська,Полтава,"34,551417","49,588267",0,0,0,0,0,0,0,0,0,1
17.06.2024,Полтавська,Полтава,"34,551417","49,588267",0,0,0,0,0,0,0,0,0,1
17.06.2024,Полтавська,Полтава,"34,551417","49,588267",0,0,0,0,0,0,0,0,0,1
18.06.2024,Харківська,Ізюм,"37,2665006","49,2121445",1,0,0,0,1,0,1,0,1,0
18.06.2024,Харківська,Ізюм,"37,2665006","49,2121445",1,0,0,0,1,0,0,0,1,0
18.06.2024,Харківська,Ізюм,"37,2665006","49,2121445",0,0,0,0,0,0,0,0,1,0
18.06.2024,Харківська,Дергачі,"36,1155026","50,1097212",1,0,0,0,1,0,1,0,1,0
18.06.2024,Харківська,Дергачі,"36,1155026","50,1097212",1,0,0,0,1,0,0,0,1,0
18.06.2024,Харківська,Дергачі,"36,1155026","50,1097212",0,0,0,0,0,0,0,0,1,0
18.06.2024,Харківська,Дергачі,"36,1155026","50,1097212",0,0,0,0,0,0,0,0,1,0
18.06.2024,Харківська,Дергачі,"36,1155026","50,1097212",0,0,0,0,0,0,0,0,1,0
18.06.2024,Харківська,Дергачі,"36,1155026","50,1097212",0,0,0,0,0,0,0,0,1,0
18.06.2024,Харківська,Дергачі,"36,1155026","50,1097212",0,0,0,0,0,0,0,0,1,0
18.06.2024,Харківська,Дергачі,"36,1155026","50,1097212",0,0,0,0,0,0,0,0,1,0
18.06.2024,Харківська,Дергачі,"36,1155026","50,1097212",0,0,0,0,0,0,0,0,1,0
18.06.2024,Харківська,Дергачі,"36,1155026","50,1097212",0,0,0,0,0,0,0,0,1,0
18.06.2024,Харківська,Дергачі,"36,1155026","50,1097212",0,0,0,0,0,0,0,0,1,0
19.06.2024,Львівська,Львів,"24,029717","49,839683",1,0,0,1,0,0,1,0,1,0
19.06.2024,Львівська,Львів,"24,029717","49,839683",1,0,0,1,0,0,1,0,1,0
19.06.2024,Львівська,Львів,"24,029717","49,839683",1,0,0,1,0,0,0,0,1,0
19.06.2024,Львівська,Львів,"24,029717","49,839683",1,0,0,1,0,0,0,0,1,0
19.06.2024,Львівська,Львів,"24,029717","49,839683",1,0,0,1,0,0,0,0,1,0
19.06.2024,Львівська,Львів,"24,029717","49,839683",0,0,0,0,0,0,0,0,1,0
19.06.2024,Львівська,Львів,"24,029717","49,839683",0,0,0,0,0,0,0,0,1,0
19.06.2024,Львівська,Львів,"24,029717","49,839683",0,0,0,0,0,0,0,0,1,0
19.06.2024,Львівська,Львів,"24,029717","49,839683",0,0,0,0,0,0,0,0,1,0
19.06.2024,Львівська,Львів,"24,029717","49,839683",0,0,0,0,0,0,0,0,1,0
19.06.2024,Львівська,Львів,"24,029717","49,839683",0,0,0,0,0,0,0,0,1,0
19.06.2024,Львівська,Львів,"24,029717","49,839683",0,0,0,0,0,0,0,0,1,0
19.06.2024,Львівська,Львів,"24,029717","49,839683",0,0,0,0,0,0,0,0,1,0
19.06.2024,Львівська,Львів,"24,029717","49,839683",0,0,0,0,0,0,0,0,1,0
19.06.2024,Львівська,Львів,"24,029717","49,839683",0,0,0,0,0,0,0,0,1,0
19.06.2024,Львівська,Львів,"24,029717","49,839683",0,0,0,0,0,0,0,0,1,0
19.06.2024,Львівська,Львів,"24,029717","49,839683",0,0,0,0,0,0,0,0,1,0
19.06.2024,Львівська,Львів,"24,029717","49,839683",0,0,0,0,0,0,0,0,1,0
19.06.2024,Львівська,Львів,"24,029717","49,839683",0,0,0,0,0,0,0,0,1,0
19.06.2024,Львівська,Львів,"24,029717","49,839683",0,0,0,0,0,0,0,0,1,0
20.06.2024,Харківська,Харків,"36,3073994","50,0020127",1,0,0,0,1,1,1,0,1,1
20.06.2024,Харківська,Харків,"36,3073994","50,0020127",1,0,0,0,1,0,0,0,1,0
20.06.2024,Харківська,Харків,"36,3073994","50,0020127",1,0,0,0,1,0,0,0,1,0
20.06.2024,Харківська,Харків,"36,3073994","50,0020127",1,0,0,0,1,0,0,0,1,0
20.06.2024,Харківська,Харків,"36,3073994","50,0020127",1,0,0,0,1,0,0,0,1,0
20.06.2024,Харківська,Харків,"36,3073994","50,0020127",0,0,0,0,0,0,0,0,1,0
20.06.2024,Харківська,Куп'янськ,"37,6027997","49,7055574",1,0,0,0,1,0,1,0,1,0
20.06.2024,Харківська,Куп'янськ,"37,6027997","49,7055574",1,0,0,0,1,0,0,0,1,0
21.06.2024,Одеська,Одеса,"30,7306393","46,4702111",1,1,0,0,0,0,0,0,1,0
21.06.2024,Одеська,Одеса,"30,7306393","46,4702111",1,1,0,0,0,0,0,0,1,0
21.06.2024,Запорізька,Запоріжжя,"35,1387097","47,8392842",1,0,0,0,1,1,1,0,1,0
21.06.2024,Запорізька,Запоріжжя,"35,1387097","47,8392842",1,0,0,0,1,0,1,0,1,0
22.06.2024,Львівська,Стрий,"23,8431343","49,2656076",1,1,0,0,0,0,0,1,0,0
22.06.2024,Львівська,Стрий,"23,8431343","49,2656076",1,1,0,0,0,0,0,0,0,0
22.06.2024,Волинська,Луцьк,"25,3299206","50,7518548",1,1,0,0,0,0,0,0,1,0
22.06.2024,Волинська,Луцьк,"25,3299206","50,7518548",1,1,0,0,0,0,0,0,1,0
22.06.2024,Волинська,Луцьк,"25,3299206","50,7518548",0,0,0,0,0,0,0,0,1,0
22.06.2024,Волинська,Луцьк,"25,3299206","50,7518548",0,0,0,0,0,0,0,0,1,0
22.06.2024,Івано-Франківська,Івано-Франківськ,"24,7089157","48,9200616",1,1,0,0,0,0,0,0,1,0
22.06.2024,Івано-Франківська,Івано-Франківськ,"24,7089157","48,9200616",1,1,0,0,0,0,0,0,1,0
22.06.2024,Івано-Франківська,Івано-Франківськ,"24,7089157","48,9200616",0,0,0,0,0,0,0,0,1,0
22.06.2024,Івано-Франківська,Івано-Франківськ,"24,7089157","48,9200616",0,0,0,0,0,0,0,0,1,0
22.06.2024,Івано-Франківська,Івано-Франківськ,"24,7089157","48,9200616",0,0,0,0,0,0,0,0,1,0
22.06.2024,Івано-Франківська,Івано-Франківськ,"24,7089157","48,9200616",0,0,0,0,0,0,0,0,1,0
22.06.2024,Харківська,Харків,"36,3073994","50,0020127",1,0,0,0,1,1,1,1,1,1
22.06.2024,Харківська,Харків,"36,3073994","50,0020127",1,0,0,0,1,1,1,0,1,1
22.06.2024,Харківська,Харків,"36,3073994","50,0020127",1,0,0,0,1,1,1,0,1,0
22.06.2024,Харківська,Харків,"36,3073994","50,0020127",1,0,0,0,1,0,1,0,1,0
22.06.2024,Харківська,Харків,"36,3073994","50,0020127",0,0,0,0,0,0,1,0,1,0
22.06.2024,Харківська,Харків,"36,3073994","50,0020127",0,0,0,0,0,0,1,0,1,0
22.06.2024,Харківська,Харків,"36,3073994","50,0020127",0,0,0,0,0,0,1,0,1,0
22.06.2024,Харківська,Харків,"36,3073994","50,0020127",0,0,0,0,0,0,1,0,1,0
22.06.2024,Харківська,Харків,"36,3073994","50,0020127",0,0,0,0,0,0,1,0,1,0
22.06.2024,Харківська,Харків,"36,3073994","50,0020127",0,0,0,0,0,0,1,0,1,0
22.06.2024,Харківська,Харків,"36,3073994","50,0020127",0,0,0,0,0,0,1,0,1,0
22.06.2024,Харківська,Харків,"36,3073994","50,0020127",0,0,0,0,0,0,1,0,1,0
22.06.2024,Харківська,Харків,"36,3073994","50,0020127",0,0,0,0,0,0,1,0,1,0
22.06.2024,Харківська,Харків,"36,3073994","50,0020127",0,0,0,0,0,0,1,0,1,0
22.06.2024,Харківська,Харків,"36,3073994","50,0020127",0,0,0,0,0,0,1,0,1,0
22.06.2024,Харківська,Харків,"36,3073994","50,0020127",0,0,0,0,0,0,1,0,1,0
22.06.2024,Харківська,Харків,"36,3073994","50,0020127",0,0,0,0,0,0,1,0,1,0
22.06.2024,Харківська,Харків,"36,3073994","50,0020127",0,0,0,0,0,0,1,0,1,0
22.06.2024,Харківська,Харків,"36,3073994","50,0020127",0,0,0,0,0,0,1,0,1,0
22.06.2024,Харківська,Харків,"36,3073994","50,0020127",0,0,0,0,0,0,1,0,1,0
22.06.2024,Харківська,Харків,"36,3073994","50,0020127",0,0,0,0,0,0,1,0,1,0
22.06.2024,Харківська,Харків,"36,3073994","50,0020127",0,0,0,0,0,0,1,0,1,0
22.06.2024,Харківська,Харків,"36,3073994","50,0020127",0,0,0,0,0,0,1,0,1,0
22.06.2024,Харківська,Харків,"36,3073994","50,0020127",0,0,0,0,0,0,1,0,1,0
22.06.2024,Харківська,Харків,"36,3073994","50,0020127",0,0,0,0,0,0,1,0,1,0
22.06.2024,Харківська,Харків,"36,3073994","50,0020127",0,0,0,0,0,0,1,0,1,0
22.06.2024,Харківська,Харків,"36,3073994","50,0020127",0,0,0,0,0,0,1,0,1,0
22.06.2024,Харківська,Харків,"36,3073994","50,0020127",0,0,0,0,0,0,1,0,1,0
22.06.2024,Харківська,Харків,"36,3073994","50,0020127",0,0,0,0,0,0,1,0,1,0
22.06.2024,Харківська,Харків,"36,3073994","50,0020127",0,0,0,0,0,0,1,0,1,0
22.06.2024,Харківська,Харків,"36,3073994","50,0020127",0,0,0,0,0,0,1,0,1,0
22.06.2024,Харківська,Харків,"36,3073994","50,0020127",0,0,0,0,0,0,1,0,1,0
22.06.2024,Харківська,Харків,"36,3073994","50,0020127",0,0,0,0,0,0,1,0,1,0
22.06.2024,Харківська,Харків,"36,3073994","50,0020127",0,0,0,0,0,0,1,0,1,0
22.06.2024,Харківська,Харків,"36,3073994","50,0020127",0,0,0,0,0,0,1,0,1,0
22.06.2024,Харківська,Харків,"36,3073994","50,0020127",0,0,0,0,0,0,1,0,1,0
22.06.2024,Харківська,Харків,"36,3073994","50,0020127",0,0,0,0,0,0,1,0,1,0
22.06.2024,Харківська,Харків,"36,3073994","50,0020127",0,0,0,0,0,0,1,0,1,0
22.06.2024,Харківська,Харків,"36,3073994","50,0020127",0,0,0,0,0,0,1,0,1,0
22.06.2024,Харківська,Харків,"36,3073994","50,0020127",0,0,0,0,0,0,1,0,1,0
22.06.2024,Харківська,Харків,"36,3073994","50,0020127",0,0,0,0,0,0,1,0,0,0
22.06.2024,Харківська,Харків,"36,3073994","50,0020127",0,0,0,0,0,0,1,0,0,0
22.06.2024,Харківська,Харків,"36,3073994","50,0020127",0,0,0,0,0,0,1,0,0,0
22.06.2024,Харківська,Харків,"36,3073994","50,0020127",0,0,0,0,0,0,1,0,0,0
22.06.2024,Харківська,Харків,"36,3073994","50,0020127",0,0,0,0,0,0,1,0,0,0
22.06.2024,Харківська,Харків,"36,3073994","50,0020127",0,0,0,0,0,0,1,0,0,0
22.06.2024,Харківська,Харків,"36,3073994","50,0020127",0,0,0,0,0,0,1,0,0,0
22.06.2024,Харківська,Харків,"36,3073994","50,0020127",0,0,0,0,0,0,1,0,0,0
22.06.2024,Харківська,Харків,"36,3073994","50,0020127",0,0,0,0,0,0,1,0,0,0
22.06.2024,Харківська,Харків,"36,3073994","50,0020127",0,0,0,0,0,0,1,0,0,0
22.06.2024,Харківська,Харків,"36,3073994","50,0020127",0,0,0,0,0,0,1,0,0,0
22.06.2024,Харківська,Харків,"36,3073994","50,0020127",0,0,0,0,0,0,1,0,0,0
22.06.2024,Харківська,Харків,"36,3073994","50,0020127",0,0,0,0,0,0,1,0,0,0
22.06.2024,Харківська,Харків,"36,3073994","50,0020127",0,0,0,0,0,0,1,0,0,0
22.06.2024,Харківська,Харків,"36,3073994","50,0020127",0,0,0,0,0,0,1,0,0,0
22.06.2024,Харківська,Харків,"36,3073994","50,0020127",0,0,0,0,0,0,1,0,0,0
22.06.2024,Запорізька,Запоріжжя,"35,1387097","47,8392842",1,0,1,0,0,1,1,1,0,0
23.06.2024,Харківська,Харків,"36,3073994","50,0020127",1,0,1,0,1,0,0,0,0,0
23.06.2024,Харківська,Харків,"36,3073994","50,0020127",1,0,1,0,1,0,0,0,0,0
23.06.2024,Харківська,Харків,"36,3073994","50,0020127",1,0,0,0,1,0,0,0,0,0
23.06.2024,Харківська,Харків,"36,3073994","50,0020127",1,0,0,0,0,0,0,0,0,0
23.06.2024,Харківська,Харків,"36,3073994","50,0020127",1,0,0,0,0,0,0,0,0,0
23.06.2024,Донецька,Селідове,"37,297136","48,1475145",1,0,0,0,1,0,1,0,1,0
23.06.2024,Донецька,Селідове,"37,297136","48,1475145",1,0,0,0,1,0,1,0,1,0
23.06.2024,Донецька,Селідове,"37,297136","48,1475145",0,0,0,0,0,0,1,0,1,0
23.06.2024,Донецька,Селідове,"37,297136","48,1475145",0,0,0,0,0,0,1,0,1,0
23.06.2024,Донецька,Селідове,"37,297136","48,1475145",0,0,0,0,0,0,1,0,1,0
23.06.2024,Донецька,Селідове,"37,297136","48,1475145",0,0,0,0,0,0,0,0,1,0
23.06.2024,Донецька,Селідове,"37,297136","48,1475145",0,0,0,0,0,0,0,0,1,0
23.06.2024,Донецька,Селідове,"37,297136","48,1475145",0,0,0,0,0,0,0,0,1,0
23.06.2024,Донецька,Селідове,"37,297136","48,1475145",0,0,0,0,0,0,0,0,1,0
23.06.2024,Донецька,Селідове,"37,297136","48,1475145",0,0,0,0,0,0,0,0,1,0
23.06.2024,Донецька,Селідове,"37,297136","48,1475145",0,0,0,0,0,0,0,0,1,0
23.06.2024,Донецька,Селідове,"37,297136","48,1475145",0,0,0,0,0,0,0,0,1,0
23.06.2024,Донецька,Селідове,"37,297136","48,1475145",0,0,0,0,0,0,0,0,1,0
23.06.2024,Донецька,Селідове,"37,297136","48,1475145",0,0,0,0,0,0,0,0,1,0
23.06.2024,Донецька,Селідове,"37,297136","48,1475145",0,0,0,0,0,0,0,0,1,0
23.06.2024,Донецька,Селідове,"37,297136","48,1475145",0,0,0,0,0,0,0,0,1,0
23.06.2024,Донецька,Селідове,"37,297136","48,1475145",0,0,0,0,0,0,0,0,1,0
23.06.2024,Донецька,Селідове,"37,297136","48,1475145",0,0,0,0,0,0,0,0,1,0
23.06.2024,Донецька,Селідове,"37,297136","48,1475145",0,0,0,0,0,0,0,0,1,0
23.06.2024,Донецька,Селідове,"37,297136","48,1475145",0,0,0,0,0,0,0,0,1,0
23.06.2024,Донецька,Селідове,"37,297136","48,1475145",0,0,0,0,0,0,0,0,1,0
23.06.2024,Донецька,Селідове,"37,297136","48,1475145",0,0,0,0,0,0,0,0,1,0
23.06.2024,Донецька,Селідове,"37,297136","48,1475145",0,0,0,0,0,0,0,0,1,0
23.06.2024,Донецька,Селідове,"37,297136","48,1475145",0,0,0,0,0,0,0,0,1,0
23.06.2024,Донецька,Селідове,"37,297136","48,1475145",0,0,0,0,0,0,0,0,1,0
23.06.2024,Донецька,Селідове,"37,297136","48,1475145",0,0,0,0,0,0,0,0,1,0
23.06.2024,Донецька,Селідове,"37,297136","48,1475145",0,0,0,0,0,0,0,0,1,0
23.06.2024,Донецька,Селідове,"37,297136","48,1475145",0,0,0,0,0,0,0,0,1,0
23.06.2024,Донецька,Селідове,"37,297136","48,1475145",0,0,0,0,0,0,0,0,1,0
23.06.2024,Донецька,Селідове,"37,297136","48,1475145",0,0,0,0,0,0,0,0,1,0
20.01.2024,Донецька,Покровськ,"37,1847804","48,282193",1,0,1,0,0,0,1,0,1,0
20.01.2024,Донецька,Покровськ,"37,1847804","48,282193",1,0,1,0,0,0,1,0,1,0
20.01.2024,Донецька,Покровськ,"37,1847804","48,282193",1,0,1,0,0,0,0,0,1,0
20.01.2024,Донецька,Покровськ,"37,1847804","48,282193",0,0,0,0,0,0,0,0,1,0
20.01.2024,Донецька,Покровськ,"37,1847804","48,282193",0,0,0,0,0,0,0,0,1,0
20.01.2024,Донецька,Покровськ,"37,1847804","48,282193",0,0,0,0,0,0,0,0,1,0
20.01.2024,Донецька,Покровськ,"37,1847804","48,282193",0,0,0,0,0,0,0,0,1,0
20.01.2024,Донецька,Покровськ,"37,1847804","48,282193",0,0,0,0,0,0,0,0,1,0
20.01.2024,Донецька,Покровськ,"37,1847804","48,282193",0,0,0,0,0,0,0,0,1,0
20.01.2024,Донецька,Покровськ,"37,1847804","48,282193",0,0,0,0,0,0,0,0,1,0
20.01.2024,Донецька,Покровськ,"37,1847804","48,282193",0,0,0,0,0,0,0,0,1,0
20.01.2024,Донецька,Покровськ,"37,1847804","48,282193",0,0,0,0,0,0,0,0,1,0
20.01.2024,Донецька,Покровськ,"37,1847804","48,282193",0,0,0,0,0,0,0,0,1,0
20.01.2024,Донецька,Покровськ,"37,1847804","48,282193",0,0,0,0,0,0,0,0,1,0
20.01.2024,Донецька,Покровськ,"37,1847804","48,282193",0,0,0,0,0,0,0,0,1,0
20.01.2024,Донецька,Покровськ,"37,1847804","48,282193",0,0,0,0,0,0,0,0,1,0
20.01.2024,Донецька,Покровськ,"37,1847804","48,282193",0,0,0,0,0,0,0,0,1,0
20.01.2024,Донецька,Покровськ,"37,1847804","48,282193",0,0,0,0,0,0,0,0,1,0
20.01.2024,Донецька,Покровськ,"37,1847804","48,282193",0,0,0,0,0,0,0,0,1,0
20.01.2024,Донецька,Покровськ,"37,1847804","48,282193",0,0,0,0,0,0,0,0,1,0
20.01.2024,Донецька,Покровськ,"37,1847804","48,282193",0,0,0,0,0,0,0,0,1,0
20.01.2024,Донецька,Покровськ,"37,1847804","48,282193",0,0,0,0,0,0,0,0,1,0
20.01.2024,Донецька,Покровськ,"37,1847804","48,282193",0,0,0,0,0,0,0,0,1,0
20.01.2024,Донецька,Покровськ,"37,1847804","48,282193",0,0,0,0,0,0,0,0,1,0
20.01.2024,Донецька,Покровськ,"37,1847804","48,282193",0,0,0,0,0,0,0,0,1,0
20.01.2024,Донецька,Покровськ,"37,1847804","48,282193",0,0,0,0,0,0,0,0,1,0
20.01.2024,Донецька,Покровськ,"37,1847804","48,282193",0,0,0,0,0,0,0,0,1,0
20.01.2024,Донецька,Покровськ,"37,1847804","48,282193",0,0,0,0,0,0,0,0,1,0
20.01.2024,Донецька,Покровськ,"37,1847804","48,282193",0,0,0,0,0,0,0,0,1,0
20.01.2024,Донецька,Покровськ,"37,1847804","48,282193",0,0,0,0,0,0,0,0,1,0
20.01.2024,Донецька,Покровськ,"37,1847804","48,282193",0,0,0,0,0,0,0,0,1,0
20.01.2024,Донецька,Покровськ,"37,1847804","48,282193",0,0,0,0,0,0,0,0,1,0
20.01.2024,Донецька,Покровськ,"37,1847804","48,282193",0,0,0,0,0,0,0,0,1,0
20.01.2024,Донецька,Покровськ,"37,1847804","48,282193",0,0,0,0,0,0,0,0,1,0
20.01.2024,Донецька,Покровськ,"37,1847804","48,282193",0,0,0,0,0,0,0,0,1,0
20.01.2024,Донецька,Покровськ,"37,1847804","48,282193",0,0,0,0,0,0,0,0,1,0
20.01.2024,Донецька,Покровськ,"37,1847804","48,282193",0,0,0,0,0,0,0,0,1,0
20.01.2024,Донецька,Покровськ,"37,1847804","48,282193",0,0,0,0,0,0,0,0,1,0
20.01.2024,Донецька,Покровськ,"37,1847804","48,282193",0,0,0,0,0,0,0,0,1,0
20.01.2024,Донецька,Покровськ,"37,1847804","48,282193",0,0,0,0,0,0,0,0,1,0
20.01.2024,Донецька,Покровськ,"37,1847804","48,282193",0,0,0,0,0,0,0,0,1,0
20.01.2024,Донецька,Покровськ,"37,1847804","48,282193",0,0,0,0,0,0,0,0,1,0
20.01.2024,Донецька,Покровськ,"37,1847804","48,282193",0,0,0,0,0,0,0,0,1,0
20.01.2024,Донецька,Покровськ,"37,1847804","48,282193",0,0,0,0,0,0,0,0,1,0
20.01.2024,Донецька,Покровськ,"37,1847804","48,282193",0,0,0,0,0,0,0,0,1,0
20.01.2024,Донецька,Покровськ,"37,1847804","48,282193",0,0,0,0,0,0,0,0,1,0
20.01.2024,Донецька,Покровськ,"37,1847804","48,282193",0,0,0,0,0,0,0,0,1,0
20.01.2024,Донецька,Покровськ,"37,1847804","48,282193",0,0,0,0,0,0,0,0,1,0
20.01.2024,Донецька,Покровськ,"37,1847804","48,282193",0,0,0,0,0,0,0,0,1,0
20.01.2024,Донецька,Покровськ,"37,1847804","48,282193",0,0,0,0,0,0,0,0,1,0
20.01.2024,Донецька,Покровськ,"37,1847804","48,282193",0,0,0,0,0,0,0,0,1,0
20.01.2024,Донецька,Покровськ,"37,1847804","48,282193",0,0,0,0,0,0,0,0,1,0
20.01.2024,Донецька,Покровськ,"37,1847804","48,282193",0,0,0,0,0,0,0,0,1,0
20.01.2024,Донецька,Покровськ,"37,1847804","48,282193",0,0,0,0,0,0,0,0,1,0
20.01.2024,Донецька,Покровськ,"37,1847804","48,282193",0,0,0,0,0,0,0,0,1,0
20.01.2024,Донецька,Покровськ,"37,1847804","48,282193",0,0,0,0,0,0,0,0,1,0
20.01.2024,Донецька,Покровськ,"37,1847804","48,282193",0,0,0,0,0,0,0,0,1,0
20.01.2024,Донецька,Покровськ,"37,1847804","48,282193",0,0,0,0,0,0,0,0,1,0
24.06.2024,Одеська,Одеса,"30,7306393","46,4702111",1,0,1,0,0,0,1,0,1,0
24.06.2024,Одеська,Одеса,"30,7306393","46,4702111",1,0,1,0,0,0,1,0,0,0
24.06.2024,Одеська,Одеса,"30,7306393","46,4702111",0,0,0,0,0,0,1,0,0,0
24.06.2024,Одеська,Одеса,"30,7306393","46,4702111",0,0,0,0,0,0,1,0,0,0
24.06.2024,Одеська,Одеса,"30,7306393","46,4702111",0,0,0,0,0,0,1,0,0,0
25.06.2024,Харківська,Харків,"36,3073994","50,0020127",1,0,0,0,1,0,0,1,1,0
25.06.2024,Харківська,Харків,"36,3073994","50,0020127",1,0,0,0,1,0,0,0,1,0
25.06.2024,Харківська,Харків,"36,3073994","50,0020127",1,0,0,0,1,0,0,0,1,0
25.06.2024,Харківська,Харків,"36,3073994","50,0020127",0,0,0,0,0,0,0,0,1,0
25.06.2024,Харківська,Харків,"36,3073994","50,0020127",0,0,0,0,0,0,0,0,1,0
25.06.2024,Харківська,Харків,"36,3073994","50,0020127",0,0,0,0,0,0,0,0,1,0
25.06.2024,Харківська,Харків,"36,3073994","50,0020127",0,0,0,0,0,0,0,0,1,0
25.06.2024,Харківська,Харків,"36,3073994","50,0020127",0,0,0,0,0,0,0,0,1,0
25.06.2024,Харківська,Харків,"36,3073994","50,0020127",0,0,0,0,0,0,0,0,1,0
25.06.2024,Харківська,Харків,"36,3073994","50,0020127",0,0,0,0,0,0,0,0,1,0
25.06.2024,Харківська,Куп'янськ,"37,6027997","49,7055574",1,0,0,0,1,0,0,0,1,0
25.06.2024,Харківська,Куп'янськ,"37,6027997","49,7055574",1,0,0,0,1,0,0,0,1,0
25.06.2024,Харківська,Куп'янськ,"37,6027997","49,7055574",1,0,0,0,1,0,0,0,1,0
25.06.2024,Харківська,Куп'янськ,"37,6027997","49,7055574",1,0,0,0,1,0,0,0,1,0
25.06.2024,Харківська,Куп'янськ,"37,6027997","49,7055574",1,0,0,0,1,0,0,0,1,0
25.06.2024,Харківська,Куп'янськ,"37,6027997","49,7055574",1,0,0,0,1,0,0,0,1,0
25.06.2024,Харківська,Куп'янськ,"37,6027997","49,7055574",1,0,0,0,1,0,0,0,1,0
25.06.2024,Харківська,Куп'янськ,"37,6027997","49,7055574",1,0,0,0,1,0,0,0,1,0
25.06.2024,Харківська,Куп'янськ,"37,6027997","49,7055574",1,0,0,0,1,0,0,0,1,0
25.06.2024,Харківська,Куп'янськ,"37,6027997","49,7055574",1,0,0,0,1,0,0,0,1,0
25.06.2024,Харківська,Вовчанськ,"36,9329429","50,284234",1,0,0,0,1,0,0,0,0,0
25.06.2024,Харківська,Вовчанськ,"36,9329429","50,284234",1,0,0,0,1,0,0,0,0,0
25.06.2024,Харківська,Вовчанськ,"36,9329429","50,284234",1,0,0,0,1,0,0,0,0,0
25.06.2024,Харківська,Вовчанськ,"36,9329429","50,284234",1,0,0,0,1,0,0,0,0,0
25.06.2024,Харківська,Вовчанськ,"36,9329429","50,284234",1,0,0,0,1,0,0,0,0,0
25.06.2024,Харківська,Вовчанськ,"36,9329429","50,284234",1,0,0,0,1,0,0,0,0,0
25.06.2024,Харківська,Вовчанськ,"36,9329429","50,284234",1,0,0,0,1,0,0,0,0,0
25.06.2024,Харківська,Вовчанськ,"36,9329429","50,284234",1,0,0,0,1,0,0,0,0,0
25.06.2024,Харківська,Вовчанськ,"36,9329429","50,284234",1,0,0,0,1,0,0,0,0,0
25.06.2024,Харківська,Вовчанськ,"36,9329429","50,284234",1,0,0,0,1,0,0,0,0,0
25.06.2024,Одеська,Білгород-Дністровський,"30,3414908","46,1854516",1,1,0,0,0,0,0,0,0,1
25.06.2024,Миколаївська,Вознесенськ,"31,336117","47,5605",1,1,0,0,0,0,0,0,1,0
25.06.2024,Миколаївська,Вознесенськ,"31,336117","47,5605",0,0,0,0,0,0,0,0,1,0
25.06.2024,Миколаївська,Вознесенськ,"31,336117","47,5605",0,0,0,0,0,0,0,0,1,0
25.06.2024,Миколаївська,Вознесенськ,"31,336117","47,5605",0,0,0,0,0,0,0,0,1,0
25.06.2024,Миколаївська,Вознесенськ,"31,336117","47,5605",0,0,0,0,0,0,0,0,1,0
26.06.2024,Херсонська,Берислав,"33,4273644","46,8433183",1,1,0,1,0,1,1,1,1,0
26.06.2024,Херсонська,Берислав,"33,4273644","46,8433183",1,0,0,0,0,0,1,0,1,0
26.06.2024,Херсонська,Берислав,"33,4273644","46,8433183",0,0,0,0,0,0,1,0,1,0
26.06.2024,Херсонська,Берислав,"33,4273644","46,8433183",0,0,0,0,0,0,1,0,1,0
26.06.2024,Херсонська,Берислав,"33,4273644","46,8433183",0,0,0,0,0,0,1,0,1,0
26.06.2024,Херсонська,Берислав,"33,4273644","46,8433183",0,0,0,0,0,0,1,0,1,0
26.06.2024,Херсонська,Берислав,"33,4273644","46,8433183",0,0,0,0,0,0,1,0,1,0
26.06.2024,Херсонська,Берислав,"33,4273644","46,8433183",0,0,0,0,0,0,1,0,1,0
26.06.2024,Херсонська,Берислав,"33,4273644","46,8433183",0,0,0,0,0,0,1,0,1,0
26.06.2024,Херсонська,Берислав,"33,4273644","46,8433183",0,0,0,0,0,0,1,0,1,0
26.06.2024,Херсонська,Берислав,"33,4273644","46,8433183",0,0,0,0,0,0,1,0,1,0
26.06.2024,Херсонська,Берислав,"33,4273644","46,8433183",0,0,0,0,0,0,1,0,1,0
26.06.2024,Херсонська,Берислав,"33,4273644","46,8433183",0,0,0,0,0,0,1,0,1,0
26.06.2024,Херсонська,Берислав,"33,4273644","46,8433183",0,0,0,0,0,0,1,0,1,0
26.06.2024,Херсонська,Берислав,"33,4273644","46,8433183",0,0,0,0,0,0,1,0,1,0
26.06.2024,Херсонська,Берислав,"33,4273644","46,8433183",0,0,0,0,0,0,0,0,1,0
26.06.2024,Херсонська,Берислав,"33,4273644","46,8433183",0,0,0,0,0,0,0,0,1,0
26.06.2024,Херсонська,Берислав,"33,4273644","46,8433183",0,0,0,0,0,0,0,0,1,0
26.06.2024,Херсонська,Берислав,"33,4273644","46,8433183",0,0,0,0,0,0,0,0,1,0
26.06.2024,Харківська,Дергачі,"36,1155026","50,1097212",1,0,0,0,1,0,1,1,1,0
26.06.2024,Харківська,Дергачі,"36,1155026","50,1097212",1,0,0,0,1,0,1,0,0,0
26.06.2024,Харківська,Дергачі,"36,1155026","50,1097212",1,0,0,0,1,0,1,0,0,0
26.06.2024,Харківська,Дергачі,"36,1155026","50,1097212",0,0,0,0,0,0,1,0,0,0
26.06.2024,Харківська,Дергачі,"36,1155026","50,1097212",0,0,0,0,0,0,1,0,0,0
26.06.2024,Харківська,Дергачі,"36,1155026","50,1097212",0,0,0,0,0,0,1,0,0,0
26.06.2024,Харківська,Дергачі,"36,1155026","50,1097212",0,0,0,0,0,0,1,0,0,0
26.06.2024,Харківська,Дергачі,"36,1155026","50,1097212",0,0,0,0,0,0,1,0,0,0
26.06.2024,Харківська,Дергачі,"36,1155026","50,1097212",0,0,0,0,0,0,1,0,0,0
27.06.2024,Хмельницька,Старокостянтинів,"27,2121595","49,7546828",1,1,0,0,0,0,0,0,0,1
27.06.2024,Харківська,Харків,"36,3073994","50,0020127",1,0,0,0,1,0,0,0,0,1
27.06.2024,Харківська,Харків,"36,3073994","50,0020127",1,0,0,0,1,0,0,0,0,1
27.06.2024,Харківська,Харків,"36,3073994","50,0020127",1,0,0,0,1,0,0,0,0,0
28.06.2024,Харківська,Харків,"36,3073994","50,0020127",1,0,0,0,1,0,1,0,1,1
28.06.2024,Харківська,Харків,"36,3073994","50,0020127",1,0,0,0,1,0,1,0,1,0
28.06.2024,Харківська,Харків,"36,3073994","50,0020127",1,0,0,0,1,0,1,0,1,0
28.06.2024,Харківська,Харків,"36,3073994","50,0020127",1,0,0,0,1,0,1,0,1,0
28.06.2024,Харківська,Харків,"36,3073994","50,0020127",0,0,0,0,0,0,1,0,0,0
28.06.2024,Харківська,Харків,"36,3073994","50,0020127",0,0,0,0,0,0,1,0,0,0
28.06.2024,Харківська,Харків,"36,3073994","50,0020127",0,0,0,0,0,0,1,0,0,0
28.06.2024,Харківська,Харків,"36,3073994","50,0020127",0,0,0,0,0,0,1,0,0,0
28.06.2024,Дніпропетровська,Дніпро,"35,046183","48,464717",1,1,0,0,0,1,1,0,1,0
28.06.2024,Дніпропетровська,Дніпро,"35,046183","48,464717",0,0,0,0,0,1,1,0,1,0
28.06.2024,Дніпропетровська,Дніпро,"35,046183","48,464717",0,0,0,0,0,1,1,0,1,0
28.06.2024,Дніпропетровська,Дніпро,"35,046183","48,464717",0,0,0,0,0,0,1,0,1,0
28.06.2024,Дніпропетровська,Дніпро,"35,046183","48,464717",0,0,0,0,0,0,1,0,1,0
28.06.2024,Дніпропетровська,Дніпро,"35,046183","48,464717",0,0,0,0,0,0,1,0,1,0
28.06.2024,Дніпропетровська,Дніпро,"35,046183","48,464717",0,0,0,0,0,0,1,0,1,0
28.06.2024,Дніпропетровська,Дніпро,"35,046183","48,464717",0,0,0,0,0,0,1,0,1,0
28.06.2024,Дніпропетровська,Дніпро,"35,046183","48,464717",0,0,0,0,0,0,1,0,1,0
28.06.2024,Дніпропетровська,Дніпро,"35,046183","48,464717",0,0,0,0,0,0,1,0,1,0
28.06.2024,Дніпропетровська,Дніпро,"35,046183","48,464717",0,0,0,0,0,0,1,0,1,0
28.06.2024,Дніпропетровська,Дніпро,"35,046183","48,464717",0,0,0,0,0,0,1,0,1,0
28.06.2024,Донецька,Селідове,"37,297136","48,1475145",1,0,0,0,1,0,1,0,1,0
28.06.2024,Донецька,Селідове,"37,297136","48,1475145",0,0,0,0,0,0,1,0,1,0
28.06.2024,Донецька,Селідове,"37,297136","48,1475145",0,0,0,0,0,0,1,0,1,0
28.06.2024,Донецька,Селідове,"37,297136","48,1475145",0,0,0,0,0,0,1,0,1,0
28.06.2024,Донецька,Селідове,"37,297136","48,1475145",0,0,0,0,0,0,1,0,1,0
28.06.2024,Донецька,Селідове,"37,297136","48,1475145",0,0,0,0,0,0,1,0,1,0
28.06.2024,Донецька,Селідове,"37,297136","48,1475145",0,0,0,0,0,0,0,0,1,0
28.06.2024,Донецька,Селідове,"37,297136","48,1475145",0,0,0,0,0,0,0,0,1,0
28.06.2024,Донецька,Селідове,"37,297136","48,1475145",0,0,0,0,0,0,0,0,1,0
28.06.2024,Донецька,Селідове,"37,297136","48,1475145",0,0,0,0,0,0,0,0,1,0
28.06.2024,Донецька,Селідове,"37,297136","48,1475145",0,0,0,0,0,0,0,0,1,0
28.06.2024,Донецька,Селідове,"37,297136","48,1475145",0,0,0,0,0,0,0,0,1,0
28.06.2024,Донецька,Селідове,"37,297136","48,1475145",0,0,0,0,0,0,0,0,1,0
28.06.2024,Донецька,Селідове,"37,297136","48,1475145",0,0,0,0,0,0,0,0,1,0
28.06.2024,Донецька,Селідове,"37,297136","48,1475145",0,0,0,0,0,0,0,0,1,0
28.06.2024,Донецька,Селідове,"37,297136","48,1475145",0,0,0,0,0,0,0,0,1,0
28.06.2024,Одеська,Одеса,"30,7306393","46,4702111",1,0,1,0,0,0,0,0,1,0
28.06.2024,Одеська,Одеса,"30,7306393","46,4702111",0,0,0,0,0,0,0,0,1,0
29.06.2024,Харківська,Дергачі,"36,1155026","50,1097212",1,0,0,0,1,0,1,0,1,0
29.06.2024,Харківська,Дергачі,"36,1155026","50,1097212",1,0,0,0,1,0,1,0,1,0
29.06.2024,Харківська,Дергачі,"36,1155026","50,1097212",1,0,0,0,1,0,1,0,1,0
29.06.2024,Харківська,Дергачі,"36,1155026","50,1097212",1,0,0,0,1,0,0,0,1,0
29.06.2024,Харківська,Дергачі,"36,1155026","50,1097212",0,0,0,0,0,0,0,0,1,0
29.06.2024,Харківська,Дергачі,"36,1155026","50,1097212",0,0,0,0,0,0,0,0,1,0
29.06.2024,Харківська,Дергачі,"36,1155026","50,1097212",0,0,0,0,0,0,0,0,1,0
29.06.2024,Харківська,Дергачі,"36,1155026","50,1097212",0,0,0,0,0,0,0,0,1,0
29.06.2024,Харківська,Дергачі,"36,1155026","50,1097212",0,0,0,0,0,0,0,0,1,0
29.06.2024,Харківська,Дергачі,"36,1155026","50,1097212",0,0,0,0,0,0,0,0,1,0
29.06.2024,Харківська,Дергачі,"36,1155026","50,1097212",0,0,0,0,0,0,0,0,1,0
29.06.2024,Харківська,Дергачі,"36,1155026","50,1097212",0,0,0,0,0,0,0,0,1,0
29.06.2024,Харківська,Дергачі,"36,1155026","50,1097212",0,0,0,0,0,0,0,0,1,0
29.06.2024,Харківська,Дергачі,"36,1155026","50,1097212",0,0,0,0,0,0,0,0,1,0
29.06.2024,Харківська,Дергачі,"36,1155026","50,1097212",0,0,0,0,0,0,0,0,1,0
29.06.2024,Харківська,Куп'янськ,"37,6027997","49,7055574",1,0,0,0,1,0,1,0,1,0
29.06.2024,Харківська,Куп'янськ,"37,6027997","49,7055574",1,0,0,0,1,0,0,0,1,0
29.06.2024,Запорізька,Вільнянськ,"35,4328125","47,9403226",1,1,0,0,0,1,1,0,1,0
29.06.2024,Запорізька,Вільнянськ,"35,4328125","47,9403226",0,0,0,0,0,1,1,0,1,0
29.06.2024,Запорізька,Вільнянськ,"35,4328125","47,9403226",0,0,0,0,0,1,1,0,1,0
29.06.2024,Запорізька,Вільнянськ,"35,4328125","47,9403226",0,0,0,0,0,1,1,0,1,0
29.06.2024,Запорізька,Вільнянськ,"35,4328125","47,9403226",0,0,0,0,0,1,1,0,0,0
29.06.2024,Запорізька,Вільнянськ,"35,4328125","47,9403226",0,0,0,0,0,1,1,0,0,0
29.06.2024,Запорізька,Вільнянськ,"35,4328125","47,9403226",0,0,0,0,0,1,1,0,0,0
29.06.2024,Запорізька,Вільнянськ,"35,4328125","47,9403226",0,0,0,0,0,0,1,0,0,0
29.06.2024,Запорізька,Вільнянськ,"35,4328125","47,9403226",0,0,0,0,0,0,1,0,0,0
29.06.2024,Запорізька,Вільнянськ,"35,4328125","47,9403226",0,0,0,0,0,0,1,0,0,0
29.06.2024,Запорізька,Вільнянськ,"35,4328125","47,9403226",0,0,0,0,0,0,1,0,0,0
29.06.2024,Запорізька,Вільнянськ,"35,4328125","47,9403226",0,0,0,0,0,0,1,0,0,0
29.06.2024,Запорізька,Вільнянськ,"35,4328125","47,9403226",0,0,0,0,0,0,1,0,0,0
29.06.2024,Запорізька,Вільнянськ,"35,4328125","47,9403226",0,0,0,0,0,0,1,0,0,0
29.06.2024,Запорізька,Вільнянськ,"35,4328125","47,9403226",0,0,0,0,0,0,1,0,0,0
29.06.2024,Запорізька,Вільнянськ,"35,4328125","47,9403226",0,0,0,0,0,0,1,0,0,0
29.06.2024,Запорізька,Вільнянськ,"35,4328125","47,9403226",0,0,0,0,0,0,1,0,0,0
29.06.2024,Запорізька,Вільнянськ,"35,4328125","47,9403226",0,0,0,0,0,0,1,0,0,0
29.06.2024,Запорізька,Вільнянськ,"35,4328125","47,9403226",0,0,0,0,0,0,1,0,0,0
29.06.2024,Запорізька,Вільнянськ,"35,4328125","47,9403226",0,0,0,0,0,0,1,0,0,0
29.06.2024,Запорізька,Вільнянськ,"35,4328125","47,9403226",0,0,0,0,0,0,1,0,0,0
29.06.2024,Запорізька,Вільнянськ,"35,4328125","47,9403226",0,0,0,0,0,0,1,0,0,0
29.06.2024,Запорізька,Вільнянськ,"35,4328125","47,9403226",0,0,0,0,0,0,1,0,0,0
29.06.2024,Запорізька,Вільнянськ,"35,4328125","47,9403226",0,0,0,0,0,0,1,0,0,0
29.06.2024,Запорізька,Вільнянськ,"35,4328125","47,9403226",0,0,0,0,0,0,1,0,0,0
29.06.2024,Запорізька,Вільнянськ,"35,4328125","47,9403226",0,0,0,0,0,0,1,0,0,0
29.06.2024,Запорізька,Вільнянськ,"35,4328125","47,9403226",0,0,0,0,0,0,1,0,0,0
29.06.2024,Запорізька,Вільнянськ,"35,4328125","47,9403226",0,0,0,0,0,0,1,0,0,0
29.06.2024,Запорізька,Вільнянськ,"35,4328125","47,9403226",0,0,0,0,0,0,1,0,0,0
29.06.2024,Запорізька,Вільнянськ,"35,4328125","47,9403226",0,0,0,0,0,0,1,0,0,0
29.06.2024,Запорізька,Вільнянськ,"35,4328125","47,9403226",0,0,0,0,0,0,1,0,0,0
29.06.2024,Запорізька,Вільнянськ,"35,4328125","47,9403226",0,0,0,0,0,0,1,0,0,0
29.06.2024,Запорізька,Вільнянськ,"35,4328125","47,9403226",0,0,0,0,0,0,1,0,0,0
29.06.2024,Запорізька,Вільнянськ,"35,4328125","47,9403226",0,0,0,0,0,0,1,0,0,0
29.06.2024,Запорізька,Вільнянськ,"35,4328125","47,9403226",0,0,0,0,0,0,1,0,0,0
29.06.2024,Запорізька,Вільнянськ,"35,4328125","47,9403226",0,0,0,0,0,0,1,0,0,0
29.06.2024,Запорізька,Вільнянськ,"35,4328125","47,9403226",0,0,0,0,0,0,1,0,0,0
29.06.2024,Запорізька,Вільнянськ,"35,4328125","47,9403226",0,0,0,0,0,0,1,0,0,0
30.06.2024,Київська,Київ,"30,5245025","50,4503596",1,1,0,0,0,0,1,0,1,0
30.06.2024,Київська,Київ,"30,5245025","50,4503596",0,0,0,0,0,0,1,0,0,0
30.06.2024,Харківська,Харків,"36,3073994","50,0020127",1,0,0,0,1,1,1,0,1,1
30.06.2024,Харківська,Харків,"36,3073994","50,0020127",1,0,0,0,1,0,1,0,1,0
30.06.2024,Харківська,Харків,"36,3073994","50,0020127",0,0,0,0,0,0,1,0,1,0
30.06.2024,Харківська,Харків,"36,3073994","50,0020127",0,0,0,0,0,0,1,0,0,0
30.06.2024,Харківська,Харків,"36,3073994","50,0020127",0,0,0,0,0,0,1,0,0,0
30.06.2024,Харківська,Харків,"36,3073994","50,0020127",0,0,0,0,0,0,1,0,0,0
30.06.2024,Харківська,Харків,"36,3073994","50,0020127",0,0,0,0,0,0,1,0,0,0
30.06.2024,Харківська,Харків,"36,3073994","50,0020127",0,0,0,0,0,0,1,0,0,0
30.06.2024,Харківська,Харків,"36,3073994","50,0020127",0,0,0,0,0,0,1,0,0,0
30.06.2024,Харківська,Харків,"36,3073994","50,0020127",0,0,0,0,0,0,1,0,0,0
01.07.2024,Полтавська,Миргород,"33,6053331","49,9627279",1,0,1,0,0,0,0,0,0,1
01.07.2024,Полтавська,Миргород,"33,6053331","49,9627279",1,0,1,0,0,0,0,0,0,0
01.07.2024,Харківська,Дергачі,"36,1155026","50,1097212",1,0,0,0,1,0,0,0,1,0
01.07.2024,Харківська,Дергачі,"36,1155026","50,1097212",1,0,0,0,1,0,0,0,0,0
01.07.2024,Харківська,Харків,"36,3073994","50,0020127",1,0,0,0,1,0,0,0,1,0
01.07.2024,Харківська,Харків,"36,3073994","50,0020127",1,0,0,0,1,0,0,0,1,0
01.07.2024,Миколаївська,Миколаїв,"32,003246","46,9660801",1,1,0,0,0,0,0,0,1,0
01.07.2024,Миколаївська,Миколаїв,"32,003246","46,9660801",0,0,0,0,0,0,0,0,1,0
01.07.2024,Миколаївська,Миколаїв,"32,003246","46,9660801",0,0,0,0,0,0,0,0,1,0
01.07.2024,Херсонська,Берислав,"33,4273644","46,8433183",1,0,0,0,1,0,1,0,1,0
01.07.2024,Херсонська,Берислав,"33,4273644","46,8433183",1,0,0,0,1,0,1,0,1,0
01.07.2024,Херсонська,Берислав,"33,4273644","46,8433183",0,0,0,0,0,0,1,0,1,0
01.07.2024,Херсонська,Берислав,"33,4273644","46,8433183",0,0,0,0,0,0,0,0,1,0
01.07.2024,Херсонська,Берислав,"33,4273644","46,8433183",0,0,0,0,0,0,0,0,1,0
01.07.2024,Херсонська,Берислав,"33,4273644","46,8433183",0,0,0,0,0,0,0,0,1,0
01.07.2024,Херсонська,Берислав,"33,4273644","46,8433183",0,0,0,0,0,0,0,0,1,0
01.07.2024,Дніпропетровська,Дніпро,"35,046183","48,464717",1,1,0,0,0,0,1,0,1,0
01.07.2024,Дніпропетровська,Дніпро,"35,046183","48,464717",0,0,0,0,0,0,1,0,1,0
01.07.2024,Дніпропетровська,Дніпро,"35,046183","48,464717",0,0,0,0,0,0,1,0,1,0
01.07.2024,Дніпропетровська,Дніпро,"35,046183","48,464717",0,0,0,0,0,0,1,0,1,0
01.07.2024,Дніпропетровська,Дніпро,"35,046183","48,464717",0,0,0,0,0,0,1,0,1,0
01.07.2024,Дніпропетровська,Дніпро,"35,046183","48,464717",0,0,0,0,0,0,1,0,1,0
01.07.2024,Дніпропетровська,Дніпро,"35,046183","48,464717",0,0,0,0,0,0,1,0,1,0
01.07.2024,Дніпропетровська,Дніпро,"35,046183","48,464717",0,0,0,0,0,0,0,0,1,0
01.07.2024,Дніпропетровська,Дніпро,"35,046183","48,464717",0,0,0,0,0,0,0,0,1,0
01.07.2024,Дніпропетровська,Дніпро,"35,046183","48,464717",0,0,0,0,0,0,0,0,1,0
01.07.2024,Дніпропетровська,Дніпро,"35,046183","48,464717",0,0,0,0,0,0,0,0,1,0
01.07.2024,Дніпропетровська,Дніпро,"35,046183","48,464717",0,0,0,0,0,0,0,0,1,0
01.07.2024,Дніпропетровська,Дніпро,"35,046183","48,464717",0,0,0,0,0,0,0,0,1,0
01.07.2024,Дніпропетровська,Дніпро,"35,046183","48,464717",0,0,0,0,0,0,0,0,1,0
01.07.2024,Дніпропетровська,Дніпро,"35,046183","48,464717",0,0,0,0,0,0,0,0,1,0
01.07.2024,Дніпропетровська,Дніпро,"35,046183","48,464717",0,0,0,0,0,0,0,0,1,0
01.07.2024,Дніпропетровська,Дніпро,"35,046183","48,464717",0,0,0,0,0,0,0,0,1,0
01.07.2024,Дніпропетровська,Дніпро,"35,046183","48,464717",0,0,0,0,0,0,0,0,1,0
01.07.2024,Дніпропетровська,Дніпро,"35,046183","48,464717",0,0,0,0,0,0,0,0,1,0
01.07.2024,Дніпропетровська,Дніпро,"35,046183","48,464717",0,0,0,0,0,0,0,0,1,0
01.07.2024,Дніпропетровська,Дніпро,"35,046183","48,464717",0,0,0,0,0,0,0,0,1,0
01.07.2024,Дніпропетровська,Дніпро,"35,046183","48,464717",0,0,0,0,0,0,0,0,1,0
01.07.2024,Дніпропетровська,Дніпро,"35,046183","48,464717",0,0,0,0,0,0,0,0,1,0
01.07.2024,Дніпропетровська,Дніпро,"35,046183","48,464717",0,0,0,0,0,0,0,0,1,0
01.07.2024,Дніпропетровська,Дніпро,"35,046183","48,464717",0,0,0,0,0,0,0,0,1,0
01.07.2024,Дніпропетровська,Дніпро,"35,046183","48,464717",0,0,0,0,0,0,0,0,1,0
01.07.2024,Дніпропетровська,Дніпро,"35,046183","48,464717",0,0,0,0,0,0,0,0,1,0
01.07.2024,Дніпропетровська,Дніпро,"35,046183","48,464717",0,0,0,0,0,0,0,0,1,0
01.07.2024,Дніпропетровська,Дніпро,"35,046183","48,464717",0,0,0,0,0,0,0,0,1,0
01.07.2024,Дніпропетровська,Дніпро,"35,046183","48,464717",0,0,0,0,0,0,0,0,1,0
01.07.2024,Дніпропетровська,Дніпро,"35,046183","48,464717",0,0,0,0,0,0,0,0,1,0
01.07.2024,Дніпропетровська,Дніпро,"35,046183","48,464717",0,0,0,0,0,0,0,0,1,0
01.07.2024,Дніпропетровська,Дніпро,"35,046183","48,464717",0,0,0,0,0,0,0,0,1,0
01.07.2024,Дніпропетровська,Дніпро,"35,046183","48,464717",0,0,0,0,0,0,0,0,1,0
01.07.2024,Дніпропетровська,Дніпро,"35,046183","48,464717",0,0,0,0,0,0,0,0,1,0
01.07.2024,Дніпропетровська,Дніпро,"35,046183","48,464717",0,0,0,0,0,0,0,0,1,0
01.07.2024,Дніпропетровська,Дніпро,"35,046183","48,464717",0,0,0,0,0,0,0,0,1,0
01.07.2024,Дніпропетровська,Дніпро,"35,046183","48,464717",0,0,0,0,0,0,0,0,1,0
01.07.2024,Дніпропетровська,Дніпро,"35,046183","48,464717",0,0,0,0,0,0,0,0,1,0
01.07.2024,Дніпропетровська,Дніпро,"35,046183","48,464717",0,0,0,0,0,0,0,0,1,0
01.07.2024,Дніпропетровська,Дніпро,"35,046183","48,464717",0,0,0,0,0,0,0,0,1,0
01.07.2024,Дніпропетровська,Дніпро,"35,046183","48,464717",0,0,0,0,0,0,0,0,1,0
01.07.2024,Дніпропетровська,Дніпро,"35,046183","48,464717",0,0,0,0,0,0,0,0,1,0
01.07.2024,Дніпропетровська,Дніпро,"35,046183","48,464717",0,0,0,0,0,0,0,0,1,0
01.07.2024,Дніпропетровська,Дніпро,"35,046183","48,464717",0,0,0,0,0,0,0,0,1,0
01.07.2024,Дніпропетровська,Дніпро,"35,046183","48,464717",0,0,0,0,0,0,0,0,1,0
01.07.2024,Дніпропетровська,Дніпро,"35,046183","48,464717",0,0,0,0,0,0,0,0,1,0
01.07.2024,Дніпропетровська,Дніпро,"35,046183","48,464717",0,0,0,0,0,0,0,0,1,0
01.07.2024,Дніпропетровська,Дніпро,"35,046183","48,464717",0,0,0,0,0,0,0,0,1,0
01.07.2024,Дніпропетровська,Дніпро,"35,046183","48,464717",0,0,0,0,0,0,0,0,1,0
01.07.2024,Дніпропетровська,Дніпро,"35,046183","48,464717",0,0,0,0,0,0,0,0,1,0
01.07.2024,Дніпропетровська,Дніпро,"35,046183","48,464717",0,0,0,0,0,0,0,0,1,0
01.07.2024,Дніпропетровська,Дніпро,"35,046183","48,464717",0,0,0,0,0,0,0,0,1,0
01.07.2024,Дніпропетровська,Дніпро,"35,046183","48,464717",0,0,0,0,0,0,0,0,1,0
01.07.2024,Дніпропетровська,Дніпро,"35,046183","48,464717",0,0,0,0,0,0,0,0,1,0
01.07.2024,Дніпропетровська,Дніпро,"35,046183","48,464717",0,0,0,0,0,0,0,0,1,0
01.07.2024,Дніпропетровська,Дніпро,"35,046183","48,464717",0,0,0,0,0,0,0,0,1,0
01.07.2024,Дніпропетровська,Дніпро,"35,046183","48,464717",0,0,0,0,0,0,0,0,1,0
01.07.2024,Дніпропетровська,Дніпро,"35,046183","48,464717",0,0,0,0,0,0,0,0,1,0
01.07.2024,Дніпропетровська,Дніпро,"35,046183","48,464717",0,0,0,0,0,0,0,0,1,0
01.07.2024,Дніпропетровська,Дніпро,"35,046183","48,464717",0,0,0,0,0,0,0,0,1,0
01.07.2024,Дніпропетровська,Дніпро,"35,046183","48,464717",0,0,0,0,0,0,0,0,1,0
01.07.2024,Дніпропетровська,Дніпро,"35,046183","48,464717",0,0,0,0,0,0,0,0,1,0
01.07.2024,Дніпропетровська,Дніпро,"35,046183","48,464717",0,0,0,0,0,0,0,0,1,0
01.07.2024,Дніпропетровська,Дніпро,"35,046183","48,464717",0,0,0,0,0,0,0,0,1,0
01.07.2024,Дніпропетровська,Дніпро,"35,046183","48,464717",0,0,0,0,0,0,0,0,1,0
01.07.2024,Дніпропетровська,Дніпро,"35,046183","48,464717",0,0,0,0,0,0,0,0,1,0
01.07.2024,Дніпропетровська,Дніпро,"35,046183","48,464717",0,0,0,0,0,0,0,0,1,0
01.07.2024,Дніпропетровська,Дніпро,"35,046183","48,464717",0,0,0,0,0,0,0,0,1,0
01.07.2024,Дніпропетровська,Дніпро,"35,046183","48,464717",0,0,0,0,0,0,0,0,1,0
01.07.2024,Дніпропетровська,Дніпро,"35,046183","48,464717",0,0,0,0,0,0,0,0,1,0
01.07.2024,Дніпропетровська,Дніпро,"35,046183","48,464717",0,0,0,0,0,0,0,0,1,0
01.07.2024,Дніпропетровська,Дніпро,"35,046183","48,464717",0,0,0,0,0,0,0,0,1,0
01.07.2024,Дніпропетровська,Дніпро,"35,046183","48,464717",0,0,0,0,0,0,0,0,1,0
01.07.2024,Дніпропетровська,Дніпро,"35,046183","48,464717",0,0,0,0,0,0,0,0,1,0
01.07.2024,Дніпропетровська,Дніпро,"35,046183","48,464717",0,0,0,0,0,0,0,0,1,0
01.07.2024,Дніпропетровська,Дніпро,"35,046183","48,464717",0,0,0,0,0,0,0,0,1,0
01.07.2024,Дніпропетровська,Дніпро,"35,046183","48,464717",0,0,0,0,0,0,0,0,1,0
01.07.2024,Дніпропетровська,Дніпро,"35,046183","48,464717",0,0,0,0,0,0,0,0,1,0
01.07.2024,Дніпропетровська,Дніпро,"35,046183","48,464717",0,0,0,0,0,0,0,0,1,0
01.07.2024,Дніпропетровська,Дніпро,"35,046183","48,464717",0,0,0,0,0,0,0,0,1,0
01.07.2024,Дніпропетровська,Дніпро,"35,046183","48,464717",0,0,0,0,0,0,0,0,1,0
01.07.2024,Дніпропетровська,Дніпро,"35,046183","48,464717",0,0,0,0,0,0,0,0,1,0
01.07.2024,Дніпропетровська,Дніпро,"35,046183","48,464717",0,0,0,0,0,0,0,0,1,0
01.07.2024,Дніпропетровська,Дніпро,"35,046183","48,464717",0,0,0,0,0,0,0,0,1,0
01.07.2024,Дніпропетровська,Дніпро,"35,046183","48,464717",0,0,0,0,0,0,0,0,1,0
01.07.2024,Дніпропетровська,Дніпро,"35,046183","48,464717",0,0,0,0,0,0,0,0,1,0
01.07.2024,Дніпропетровська,Дніпро,"35,046183","48,464717",0,0,0,0,0,0,0,0,1,0
01.07.2024,Дніпропетровська,Дніпро,"35,046183","48,464717",0,0,0,0,0,0,0,0,1,0
01.07.2024,Дніпропетровська,Дніпро,"35,046183","48,464717",0,0,0,0,0,0,0,0,1,0
01.07.2024,Дніпропетровська,Дніпро,"35,046183","48,464717",0,0,0,0,0,0,0,0,1,0
01.07.2024,Дніпропетровська,Дніпро,"35,046183","48,464717",0,0,0,0,0,0,0,0,1,0
01.07.2024,Дніпропетровська,Дніпро,"35,046183","48,464717",0,0,0,0,0,0,0,0,1,0
01.07.2024,Дніпропетровська,Дніпро,"35,046183","48,464717",0,0,0,0,0,0,0,0,1,0
01.07.2024,Дніпропетровська,Дніпро,"35,046183","48,464717",0,0,0,0,0,0,0,0,1,0
01.07.2024,Дніпропетровська,Дніпро,"35,046183","48,464717",0,0,0,0,0,0,0,0,1,0
01.07.2024,Дніпропетровська,Дніпро,"35,046183","48,464717",0,0,0,0,0,0,0,0,1,0
01.07.2024,Дніпропетровська,Дніпро,"35,046183","48,464717",0,0,0,0,0,0,0,0,1,0
01.07.2024,Дніпропетровська,Дніпро,"35,046183","48,464717",0,0,0,0,0,0,0,0,1,0
01.07.2024,Дніпропетровська,Дніпро,"35,046183","48,464717",0,0,0,0,0,0,0,0,1,0
01.07.2024,Дніпропетровська,Дніпро,"35,046183","48,464717",0,0,0,0,0,0,0,0,1,0
01.07.2024,Дніпропетровська,Дніпро,"35,046183","48,464717",0,0,0,0,0,0,0,0,1,0
02.07.2024,Харківська,Харків,"36,3073994","50,0020127",1,0,0,0,1,0,1,0,1,0
02.07.2024,Харківська,Харків,"36,3073994","50,0020127",1,0,0,0,1,0,1,0,1,0
02.07.2024,Харківська,Харків,"36,3073994","50,0020127",1,0,0,0,1,0,1,0,1,0
02.07.2024,Харківська,Харків,"36,3073994","50,0020127",0,0,0,0,0,0,0,0,1,0
